name,number,type
22989-CRM产品经理（深圳）,2,产品/项目类
22989-报价器产品经理（深圳）,2,产品/项目类
GY0-【国际业务部】推荐算法资深工程师(深圳) ,1,技术类
31677-SMAD-腾讯地图移动端高级交互设计师（北京）,1,设计类
31677-SMAD-腾讯地图移动端高级UI设计师（北京）,1,设计类
15581-欢乐游戏2D角色设计师（深圳）,1,设计类
19837-电视剧宣传策划经理,1,市场类
22989-腾讯云To B流程和系统建设产品经理,2,产品/项目类
22989-大数据及人工智能web前端开发,1,技术类
22989-大数据及人工智能web前端开发,1,技术类
25924-产品运营经理（深圳）,1,产品/项目类
23486-社区产品高级产品经理,1,产品/项目类
TEG10-服务器架构工程师,1,技术类
15573-移动游戏渠道运营(上海),1,产品/项目类
PCG09-信息流视频内容专家(CV方向),1,技术类
PCG09-信息流视频解决方案专家,1,技术类
27441-基金财务经理（深圳）,1,职能类
25928-效能开发工程师,1,技术类
TEG09-计算平台研发工程师（深圳）,2,技术类
26699-智慧零售行业系统架构师,1,技术类
TEG13-C++后台开发工程师（深圳）,1,技术类
PCG19-腾讯视频搜索后台研发工程师（深圳）,1,技术类
29777-腾讯云交通行业策略专家（北京）,1,产品/项目类
29777-腾讯云工业行业方案架构师（深圳）,2,技术类
26699-智慧零售行业系统架构师,2,技术类
30936-功能游戏高级产品策划 ,1,产品/项目类
29912-Mac桌面开发工程师 ?,2,技术类
32032-资深UI美术（上海）,1,设计类
19822-影视策划经理,2,产品/项目类
29777-腾讯云交通行业策略专家（上海）,1,产品/项目类
CSIG16-自动驾驶云平台高级测试工程师（北京）,1,技术类
PCG04-后台开发工程师（北京）,1,技术类
TME-节目编导,1,内容编辑类
21229-代理游戏高级产品运营,1,产品/项目类
23671-企鹅号平台产品经理（深圳）,1,产品/项目类
TME-全民K歌海外市场与用户研究经理（深圳）,1,市场类
TME-粉丝经济高级产品策划（深圳）,1,产品/项目类
26699-智慧零售高级产品策划（深圳）,1,产品/项目类
GY0-【国际业务部】前端开发工程师（深圳）,1,技术类
GY0-【国际业务部】Android开发工程师（深圳）,1,技术类
GY0-【国际业务部】iOS客户端开发工程师(深圳),1,技术类
26699-智慧零售行业系统开发,2,技术类
30624-腾讯广告华东服饰用品行业销售（上海）,1,市场类
32032-高级技术美术（上海）,1,设计类
32032-资深后台开发工程师（上海）,1,技术类
32032-移动客户端UE开发工程师（上海）,1,技术类
20503-优图运维开发工程师(上海）,1,技术类
TEG05-Linux后台开发工程师（深圳）,2,技术类
23516-移动游戏社区运营(深圳）,1,产品/项目类
21882-腾讯医典垂直搜索产品总监（深圳）,1,产品/项目类
CSIG15-智能平台部NLP算法高级工程师(北京),3,技术类
26564-海外社区运营(深圳）,1,产品/项目类
23671-企鹅号数据产品经理（北京）,1,产品/项目类
31506-风险政策经理（深圳）,2,技术类
23295-互娱游戏传播经理（深圳）,1, 
32032-资深特效美术设计师（上海）,1,设计类
CSIG16-自动驾驶云平台高级前端开发工程师（北京）,1,技术类
PCG15-互动视频web前端开发（深圳）,2,技术类
14173-ESOP股权激励专家/总监,1,职能类
PCG14-应用宝平台高级产品经理（深圳）,1,产品/项目类
21089-英雄联盟衍生品运营（深圳）,1,产品/项目类
22989-腾讯云SDN控制器开发工程师,1,技术类
22989-腾讯专有云高级研发项目经理（深圳）,2,产品/项目类
S2-IEG财务管理（深圳）,1,职能类
23674-高级新闻推荐策略产品经理（新闻方向，短视频方向）,1,产品/项目类
22851-腾讯视频综艺运营值班编辑（北京）,1,内容编辑类
29912-高级后台开发岗,2,技术类
15665-工作室群业务流程管理专员（深圳）,1,职能类
22851-综艺频道用户增长和战略专员（北京）,1,内容编辑类
TME-商业化广告高级产品经理(深圳),1,产品/项目类
29302-服务采购商务岗,1,职能类
CSIG16-自动驾驶高精地图（地图编译）,1,技术类
26564-web前端开发(深圳）,1,技术类
30933-Lead Game Narrative Designer,1,产品/项目类
30361-腾讯文档web前端开发,1,技术类
21229-新媒体合作运营高级经理（上海）,1,产品/项目类
22989-腾讯云DNSPod域名服务PHP/Python开发工程师,2,技术类
24012-游戏社交Android高级开发工程师（深圳）,2,技术类
24012-场景概念原画设计师（深圳）,2,设计类
24012-游戏社交高级后台开发工程师（深圳）,2,技术类
24012-游戏社交IOS高级开发工程师（深圳）,2,技术类
21228-游戏评测方向游戏策划（深圳）,1,产品/项目类
32698-青腾大学高级品牌公关经理(深圳）,1,市场类
15612-游戏客户端研发工程师(深圳),1,技术类
CSIG16-手图后台开发工程师（北京）,1,技术类
24491-王者荣耀全球版 商业化运营（皮肤方向）（深圳）,1,产品/项目类
24491-王者荣耀全球版 数据分析师（深圳）,1,产品/项目类
30620-腾讯社交广告web前端高级开发工程师(微信广告 深圳）,1,技术类
TEG05-高级后台研发工程师（深圳）,1,技术类
32032-游戏引擎渲染工程师（上海）,1,技术类
15573-MMORPG手游3D动画设计师（上海）,2,设计类
TEG14-交易型业务后台开发工程师（深圳）,3,技术类
TEG05-高级安全分析运营工程师（深圳）,2,技术类
21769-泛娱乐发行合作经理（北京）,2,市场类
15573-资深手游运营经理（上海）,1,产品/项目类
27730-推荐算法总监(北京),1,技术类
WXG01-微信客户端业务开发工程师-开放平台业务方向（广州）,3,技术类
CSIG16-POI数据平台产品经理,1,产品/项目类
TEG05-高级后台研发工程师（深圳）,1,技术类
HY-高管秘书（深圳）,1,职能类
15573-SLG类手游商业化策划（上海）,1,产品/项目类
21229-高级游戏市场产品分析（上海）,1,产品/项目类
CSIG16-自动驾驶融合感知(北京),1,技术类
WXG01-122 微信数据科学家（广州）,2,技术类
WXG01-122 微信数据挖掘高级工程师（广州）,1,技术类
30625--腾讯广告KA游戏行业运营经理,1,产品/项目类
TEG11-推荐系统算法研发工程师（北京）,1,技术类
15573-手游客户端开发工程师（上海）,1,技术类
19822-影视制片人（北京）,2,产品/项目类
15611-航海王IP动作游戏3D特效设计师（深圳）,3,设计类
15575-《王者荣耀》高级UI设计师（成都）,1,设计类
30621-腾讯社交广告产品策划经理（新闻视频广告 深圳）,2,产品/项目类
CSIG14-金融风控策略,2,技术类
30621-腾讯社交广告后台开发工程师（新闻视频广告  深圳）,1,技术类
22989-腾讯云中间件web前端开发工程师（深圳）,2,技术类
32032-技术美术专家（上海）,1,设计类
30620-腾讯社交广告房产家装行业运营经理（微信广告 深圳）,1,产品/项目类
15614-客户端高级工程师（上海）,1,技术类
32271-腾讯视频效果投放运营经理（信息流方向）,1,内容编辑类
TME-全民K歌国际版后台工程师,3,技术类
18428-金融应用安全运维工程师,1,技术类
28096-腾讯音乐DMP后台开发工程师（深圳）,1,技术类
23518-产品经理,1,产品/项目类
18428-金融应用高级运维工程师（深圳）,1,技术类
18435-财付通高级风险分析师（深圳）,1,技术类
TEG07-高级web前端开发工程师（深圳）,1,技术类
AQ-安全智库经理（深圳）,1,职能类
TEG10-高级规划工程师(深圳),3,技术类
TEG15-数据库研发高级工程师（北京）,2,技术类
TEG13-自然语言处理高级工程师（深圳）,1,技术类
TEG13-图像OCR算法工程师(北京),1,技术类
30620-腾讯社交广告流量生态平台合作运营经理（微信广告 深圳）,1,产品/项目类
HY-研发外包管理项目经理,1,职能类
27193-互娱前端开发工程师,1,技术类
30620-腾讯广告微信广告基础平台开发工程师（深圳）,1,技术类
CSIG16-基础架构工程师,1,技术类
30620-腾讯广告微信广告反作弊工程师（深圳）,2,技术类
15612-游戏客户端开发(北京）,1,技术类
23295-互娱媒介策划经理（产品传播方向）（深圳）,1,市场类
PCG19-腾讯视频数据挖掘高级工程师（北京） ,1,技术类
WXG02-122 微信高级数据挖掘算法工程师（深圳）,2,技术类
30620-腾讯社交广告算法专家（微信广告 深圳）,1,技术类
WXG08-113 微信自然语言处理系统后台开发工程师（北京）,2,技术类
CS-腾讯公益c/c++后台开发工程师（深圳）,1,技术类
20354-腾讯云安全攻防专家（深圳总部）,1,技术类
20354-腾讯云安全攻防专家（北京）,1,技术类
20354-腾讯云虚拟化漏洞研究员,2,技术类
CSIG15-智能终端产品经理,2,产品/项目类
18435-高级反洗钱合规管理（香港）,1,技术类
PCG19-视频编解码研发专家（深圳）,1,技术类
22989-腾讯云存储产品运营（深圳/北京）,1,产品/项目类
TEG15-结算平台高级开发工程师（深圳）,1,技术类
23294-电竞明星经纪（深圳）,1,市场类
AQ-安全责任经理（北京）,1,职能类
18428-智慧农险产品经理,1,产品/项目类
15612-3D动画特效,1,设计类
XZ-高管秘书（深圳）,1,职能类
CS-腾讯公益高级测试工程师,1,技术类
TEG07-CDC高级多媒体视觉设计师（深圳）,1,设计类
PCG19-图像处理算法高级工程师（深圳）,1,技术类
21309-在线教育C/C++后台开发工程师（深圳）,1,技术类
TEG13-自然语言处理高级工程师（北京）,1,技术类
15570-MMO+FPS手游高级引擎开发工程师,2,技术类
15612-次世代3D角色美术（美术）（北京）,1,设计类
18302-剑灵IP手游后台高级开发工程师（深圳）,1,技术类
PCG04-测试Leader,1,技术类
21227-ARPG品类本地化高级运营策划,1,产品/项目类
TEG02-云网络测试工程师,1,技术类
WH-企业文化经理（深圳）,1,职能类
15616-高级UI视觉设计师,2,设计类
24548-电影商业制片人,1,产品/项目类
18402-移动游戏本地化高级策划（深圳）,1,产品/项目类
28297-Strategic Planning Manager C Oversea Business,2,市场类
PCG04-安全测试组长,1,技术类
PCG04-web前端高级开发工程师,1,技术类
PCG10-浏览器功能前端开发工程师,1,技术类
21227-创新手游产品―市场和平台渠道推广,1,产品/项目类
20354-腾讯云安全产品后台高级开发工程师,1,技术类
CSIG17-云网络产品测试高级工程师,1,技术类
27730-短视频APP后台开发工程师（深圳）,2,技术类
27730-产品经理（用户运营方向）,1,产品/项目类
RP-健康顾问（顾问合同）,1,职能类
31109-招聘经理,1,职能类
20503-计算机视觉高级研究员（深圳）,1,技术类
20503-人脸识别研发工程师（上海）,2,技术类
TEG09-视频编转码高级工程师（深圳/北京）,2,技术类
25923-机器学习平台研发工程师（深圳）,2,技术类
22989-云存储资深研发工程师（北京）,5,技术类
23294-互娱赛事运营经理（深圳）,1,市场类
WXG03-113 微信公众平台后台开发工程师（广州）,2,技术类
23486-后台开发高级工程师（北京）,1,技术类
CSIG16-自动驾驶云平台高级后台开发工程师(北京),1,技术类
30621-腾讯社交广告Web前端开发工程师（新闻视频广告 深圳）,2,技术类
30621-腾讯社交广告高级算法工程师（新闻视频广告 深圳）,1,技术类
CSIG16-手图运营开发工程师（北京）,1,技术类
HY6-内容营销经理（深圳）,1,市场类
PCG19-腾讯视频大数据高级工程师（北京）,1,技术类
WXG02-143 微信后台策略安全工程师(广州/深圳),2,技术类
15571-Senior Technical Artist,2,技术类
TEG14-系统测试工程师(深圳),2,技术类
30621-腾讯社交广告应用开发工程师（新闻视频广告 深圳）,2,技术类
19511-腾讯游戏业务流程经理（深圳）,2,职能类
25663-游戏行业运营经理（深圳）,1,产品/项目类
23292-互娱内容运营经理（深圳）,1,内容编辑类
HY6-产品运营经理（深圳）,1,产品/项目类
15611-航海王IP动作游戏3D动画设计师（深圳）,4,设计类
PCG19-腾讯视频自然语言处理高级工程师（北京）,2,技术类
22850-腾讯视频VIP产品经理(深圳),1,产品/项目类
22850-腾讯视频VIP后台开发,1,技术类
15573-MMORPG资深手游关卡设计师（上海）,2,产品/项目类
23671-企鹅号后台开发工程师（北京）,3,技术类
WXG02-113 微信通话后台开发工程师（广州/深圳）,1,技术类
22850-腾讯视频VIP?渠道营销工具产品经理（深圳）,1,产品/项目类
30621-腾讯社交广告策略产品经理（新闻视频广告 深圳）,2,产品/项目类
15573-手游服务器开发工程师（上海）,1,技术类
20503-计算机视觉高级研究员（深圳）,1,技术类
22989-腾讯云大数据产品研发专家（北京）,3,技术类
22989-腾讯云大数据产品研发工程师（北京）,5,技术类
CB-绩效经理（深圳）,1,职能类
HY-高管秘书（深圳）,1,职能类
25928-次世代3D特效师（上海）,1,设计类
CSIG02-腾讯云教育行业方案架构师（深圳/北京）,6,技术类
25928-次世代3D角色美术(上海）,1,设计类
30626-腾讯广告KA渠道赋能经理（深圳）,1,产品/项目类
GY0-【国际业务部】搜索业务高级架构师(深圳) ,1,技术类
GY0-【国际业务部】搜索业务高级算法工程师(深圳) ,1,技术类
23518-移动游戏渠道运营经理（微信/手Q/二级渠道）,2,产品/项目类
22989-腾讯云块存储高级运营开发工程师（深圳）,1,技术类
WXG03-113 微信公众平台后台开发工程师（广州）,2,技术类
28096-腾讯音乐音频研究员（深圳）,1,技术类
28096-腾讯音乐广告推荐算法工程师（深圳）,1,技术类
GY0-【国际业务部】Program Director（Hong Kong）,2,市场类
30359-客户端开发工程师,2,技术类
25666-腾讯云西南区域泛互联网行业销售（成都）,1,市场类
24012-游戏社交Android开发负责人（深圳）,1,技术类
25664-政务生态产品运营经理（深圳）,1,产品/项目类
21309-儿童英语启蒙产品ABCmouse产品运营经理（北京）,1,产品/项目类
30625-腾讯广告金融行业高级销售经理-组长（北京）,1,市场类
30361-腾讯社区产品策划（上海）,1,产品/项目类
25927-游戏测试项目经理,4,产品/项目类
22090-天天快报-IOS开发工程师（北京）,1,技术类
24012-手游后台开发工程师（深圳）,1,技术类
21882-腾讯医典会员产品运营经理（深圳）,1,产品/项目类
21882-积分商城产品运营经理（深圳）,1,产品/项目类
21882-会员生活特权产品运营经理（深圳）,1,产品/项目类
27553-腾讯音乐后台开发工程师（深圳）,1,技术类
24987-3D场景美术（上海）,1,设计类
25663-泛互联网业务高级架构师（武汉）,1,技术类
PCG10-搜索高级算法工程师-图像方向,1,技术类
23518-社交合作运营经理,1,产品/项目类
22851-腾讯视频电影频道运营编辑（北京）,1,内容编辑类
TEG10-开源协同项目经理,1,产品/项目类
21882-算法工程师（深圳）,1,技术类
25928-游戏语音高级产品策划（深圳）,1,产品/项目类
PCG19-腾讯视频iOS开发工程师（北京）,1,技术类
WXG02-116 微信终端测试开发工程师（广州）,1,技术类
WXG02-116 微信小游戏专项测试工程师（广州/深圳）,1,技术类
WXG08-122 微信推荐数据挖掘算法工程师（北京）,2,技术类
22850-腾讯视频VIP后台开发工程师(深圳),1,技术类
22989-腾讯云设计中心-高级交互设计师（深圳）,1,设计类
24546-客厅新媒体运营经理（北京）,1,产品/项目类
25923-移动游戏运维工程师（深圳）,1,技术类
TEG15-java开发高级工程师（深圳）,1,技术类
26381-腾云产品经理（合资公司编制-昆明）,8,产品/项目类
26381-腾云项目经理（合资公司编制-昆明）,5,产品/项目类
26381-腾云架构师（合资公司--昆明）,1,技术类
22989-腾讯云serverless后台开发工程师（深圳）,4,技术类
25928-腾讯游戏云前端开发高级工程师（深圳）,1,技术类
15612-后台游戏开发工程师(深圳）,1,技术类
19332-高级Web前端开发工程师（上海）,1,技术类
PCG04-看点高级测试开发工程师（深圳）,2,技术类
19511-游戏学院高校合作项目经理（深圳）,1,产品/项目类
15571-高级引擎开发工程师,2,技术类
25663-腾讯游戏云高级产品经理（深圳）,2,产品/项目类
TEG05-高级后台系统开发工程师（深圳）,2,技术类
22989-大数据平台研发工程师,1,技术类
21229-沙盒/生存类产品运营策划（上海）,3,产品/项目类
24491-王者荣耀全球版-海外游戏数据分析经理（深圳）,1,产品/项目类
29311-资深创意文案（深圳）,1,市场类
30627-腾讯广告区域业务拓展经理（RGM）-东区,1,市场类
WXG03-211 微信开放平台商业化产品运营经理（广州）,1,产品/项目类
WXG01-117 微信iOS客户端开发工程师（广州）,1,技术类
26381-腾云平台运营总监（合资公司编制-云南）,1,产品/项目类
26381-腾云安卓开发工程师（合资公司编制-云南）,6,技术类
14914-互联网金融传播经理（香港）,1, 
21229-沙盒/生存类产品高级社区运营（上海）,2,产品/项目类
15571-射击游戏关卡策划,1,产品/项目类
HGJ-Legal Counsel (Technology Transactions),1,职能类
26381-腾云市场营销策划经理（合资公司编制-昆明）,3,市场类
26381-腾云交互设计（合资公司编制-云南）,1,设计类
28600-113 微信支付后台开发工程师（广州）,1,技术类
30625-腾讯广告大客户销售经理,1,市场类
26381-腾云技术总监（合资公司编制-昆明）,1,技术类
21087-游戏内外部渠道管理（深圳）,1,产品/项目类
25663-泛互联网解决方案架构师（北/上/深）（北京）,1,技术类
25663-泛互联网解决方案架构师（北/上/深）（上海）,1,技术类
32032-互娱沙盒类手游服务端开发（深圳）   ,1,技术类
29314-合资公司CFO（张家口）,1,职能类
TME-全民K歌产品经理（渠道策略）,1,产品/项目类
25663-泛互联网售中架构师（北/上/深）,1,技术类
25663-泛互联网售中架构师（北/上/深）,1,技术类
25663-泛互联网售中架构师（北/上/深）,1,技术类
25663-泛互联网解决方案架构师（北/上/深）（深圳总部）,1,技术类
21882-腾讯医典高级前端开发（深圳）,1,技术类
22989-iOS开发高级工程师,1,技术类
30359-web前端高级开发工程师,1,技术类
18425-支付平台开发工程师,1,技术类
15618-游戏客户端开发工程师（上海）,1,技术类
PCG04-腾讯视频移动终端测试开发工程师（北京）,1,技术类
PCG04-腾讯视频移动终端测试开发工程师（深圳）,1,技术类
22989-Android开发高级工程师,1,技术类
29777-工业云后台高级开发工程师（杭州）,2,技术类
15569-QQ飞车手游高级角色原画设计师(深圳）,1,设计类
26787-策略分析经理（深圳）,1,市场类
15616-高级技术美术(上海）,2,设计类
21309-儿童英语启蒙产品ABCmouse产品策划经理,1,产品/项目类
21062-叙事向手游客户端开发高级工程师（深圳）,1,技术类
29777-工业云前端高级开发工程师（杭州）,2,技术类
PCG10-NLP/CV算法工程师,1,技术类
27730-短视频个性化推荐算法工程师,1,技术类
27730-分布式数据架构,1,技术类
32032-互娱沙盒类手游客户端开发（深圳）,1,技术类
PCG04-android开发工程师(成都),1,技术类
22989-腾讯云SDN/NFV网络虚拟化研发工程师（深圳）（北京）,1,技术类
15573-新侠风MMORPG 3D场景美术设计师（上海）,1,设计类
TEG03-大数据服务测试工程师（深圳）,1,技术类
15851-游戏图形渲染开发工程师Graphics/Engine Software Engineer,1,技术类
22989-腾讯云企业业务中心前端研发工程师（深圳）,2,技术类
15611-航海王IP动作游戏3D角色设计师（深圳）,1,设计类
15573-新侠风MMORPG资深数值策划（上海）,2,产品/项目类
WXG10-117 企业微信iOS移动客户端开发工程师（成都）,1,技术类
26832-猎聘经理（深圳）,2,职能类
WXG08-113 微信小程序商业化后台工程师（广州）,3,技术类
18428-区块链技术专家工程师（深圳）,2,技术类
18428-区块链应用（高级）开发工程师（深圳）,3,技术类
19511-腾讯游戏学院营运总监（深圳）,1,产品/项目类
25926-自然语言处理算法工程师（深圳）,1,技术类
30620-腾讯广告微信广告高级数据产品经理（深圳）,2,产品/项目类
19511-腾讯游戏战略分析经理（深圳）,1,市场类
30620-腾讯社交广告自然语言处理工程师（微信广告 深圳）,2,技术类
22989-腾讯云计算机视觉算法研究员（深圳，北京）,1,技术类
22989-人工智能算法专家（NLP方向）（深圳/成都/上海/北京）,2,技术类
EC-高级品牌经理（深圳）,1,职能类
TEG12-数据中心建筑设计师（深圳）,1,技术类
27092-应用宝游戏用户运营（深圳）,1,产品/项目类
CSIG16-自动驾驶仿真模拟系统-车辆动力学工程师（北京）,1,技术类
CSIG16-车联网后台开发工程师,1,技术类
CSIG16-自动驾驶云平台虚拟化工程师（北京）,1,技术类
15573-欧美写实SLG手游3D动画特效设计师（上海）,1,设计类
18428-财付通组件平台高级研发工程师,1,技术类
TEG09-接入业务后台开发工程师（深圳）,2,技术类
27092-商务合作拓展经理（深圳）,2,市场类
18402-国内刺激战场-本地化及商业化,1,产品/项目类
25925-智能AI高级产品经理（深圳）,1,产品/项目类
HY6-产品运营经理（深圳）,2,产品/项目类
23872-游戏市场商业分析（深圳）,2,市场类
30620-腾讯广告微信朋友圈产品运营经理（微信广告 深圳）,1,产品/项目类
TEG03-数据挖掘工程师（深圳）,1,技术类
WXG03-122 小程序算法工程师（广州）,3,技术类
15605-航海王IP动作游戏UE4客户端开发工程师（深圳）,1,技术类
TME-腾讯音乐后台质量测试工程师（深圳）,2,技术类
TME-腾讯音乐Web质量测试工程师（深圳）,3,技术类
TEG12-IDC高级规划师(深圳）,1,技术类
26699-智慧零售后台开发工程师,1,技术类
26699-智慧零售前端开发工程师（深圳）,1,技术类
TEG06-Mac终端安全运营高级工程师（深圳）,1,技术类
21309-在线教育高级交互设计师（深圳）,2,设计类
19157-政府安全合作项目技术实施工程师（北京）,1,技术类
RP-UI视觉设计师,1,设计类
CDG-HRBP-AMS（北京）,1,职能类
TME-全民K歌音频直播运营,1,产品/项目类
TME-全民K歌渠道运营经理（深圳）,1,产品/项目类
21087-渠道管理,1,产品/项目类
23671-企鹅号后台开发高级工程师（深圳）,1,技术类
PCG09-信息流平台高级产品经理,1,产品/项目类
27730-推荐算法工程师,1,技术类
19332-企点渠道销售经理岗（深圳）,1,市场类
PCG09-信息流项目经理,1,产品/项目类
26787-游戏合作商务,1,市场类
30934-海外市场推广项目经理 Project Manager of International Marketing ,1,产品/项目类
26787-应用市场商务合作经理（深圳总部）,1,市场类
S2-S系统财务管理（深圳）,1,职能类
23518-移动游戏市场流量分析运营,1,产品/项目类
16810-腾讯动漫数据挖掘算法工程师,1,技术类
PCG14-应用宝合作渠道产品经理（深圳）,1,产品/项目类
27092-应用宝广告合作产品策划经理（深圳）,1,产品/项目类
30628-腾讯广告算法高级工程师（研发中心-深圳）,1,技术类
CSIG16-地图众包高级产品经理(北京）,2,产品/项目类
17759-腾讯视频内容分析师（北京）,1,内容编辑类
30934-SLG海外手游运营策划（深圳）,1,产品/项目类
25928-后台测试开发工程师（深圳）,1,技术类
15605-火影手游服务器开发工程师（深圳）,1,技术类
WXG01-117 微信iOS功能开发工程师（广州）,2,技术类
TEG14-高级web前端开发工程师（深圳）,1,技术类
TEG09-存储平台研发组长（深圳）,1,技术类
26787-应用市场商务合作经理（北京）,1,市场类
CSIG17-X86体系结构工程师,1,技术类
CSIG17-Linux内核优化工程师,1,技术类
15605-高级海外项目经理（深圳）,1,产品/项目类
TEG02-高级业务保障工程师（深圳）,2,技术类
30620-腾讯广告微信广告渠道合作产品运营经理（深圳）,1,产品/项目类
15605-航海王IP动作游戏UE4 引擎开发工程师（深圳）,1,技术类
WXG03-115 小程序 iOS 开发工程师（广州）,1,技术类
15571-Unreal客户端开发工程师,1,技术类
TME-全民K歌多媒体设计师（深圳）,1,设计类
19822-影视制片经理（北京）,2,产品/项目类
25924-运营开发高级工程师（上海）,2,技术类
21229-体育类游戏产品运营（上海）,2,产品/项目类
21229-体育类游戏策划（上海）,1,产品/项目类
21530-腾讯音乐职业发展经理,1,职能类
27192-互娱市场与用户研究经理（海外方向）（深圳）,1,市场类
TEG09-推荐系统后台开发工程师（深圳）,2,技术类
S2-电竞合资公司财务总监,1,职能类
TEG03-FPGA开发工程师（深圳）,1,技术类
26699-智慧零售项目经理,2,市场类
20503-计算机视觉高级研究员（上海）,1,技术类
TME-全民K歌图形图像算法工程师（深圳）,2,技术类
18425-自然语言处理高级工程师（深圳）,1,技术类
WXG08-511 微信事业群部门秘书（深圳）,1,职能类
15570-端游客户端开发工程师,1,技术类
FWZ-数据及隐私中心法律顾问（北京）,1,职能类
TME-QQ音乐粉丝社区运营经理（深圳）,1,产品/项目类
TEG07-CDC高级视觉设计师（深圳）,3,设计类
21309-初高中英语教研教学老师（北京）,1,产品/项目类
21309-企鹅辅导社群运营经理,1,产品/项目类
27092-应用宝渠道管理经理（深圳）,1,市场类
PCG09-信息流视频后台方案架构师,2,技术类
25667-腾讯云高级数据分析师（深圳）,1,技术类
30620-腾讯广告高级后台开发工程师（微信广告 深圳）,1,技术类
CSIG08-安全业务技术高级架构师（北京）,1,技术类
27730-产品经理（用户增长方向）（深圳/北京）,2,产品/项目类
28598-WEB前端开发工程师,1,技术类
27564-体育游戏内容合作,1,产品/项目类
23295-互娱移动游戏社区产品经理（深圳）,2,产品/项目类
23295-互娱移动游戏社区运营经理（深圳）,1,产品/项目类
27564-足球类游戏运营（深圳）,2,产品/项目类
TEG05-大数据软件开发工程师（深圳）,1,技术类
TEG05-高级后台开发工程师（深圳）,1,技术类
21309-高中数学教研教学老师（深圳）,1,产品/项目类
ZL-商业分析经理(CSIG）,1,市场类
23294-互娱WeGame端游平台品牌经理（深圳）,1,市场类
18428-腾讯金融业务后台研发工程师(深圳),2,技术类
CSIG17-Android测试开发资深工程师,1,技术类
CSIG16-AI智能信息流产品运营-内容运营,1,产品/项目类
23673-兴趣PUSH运营,1,内容编辑类
TEG10-云计算规划工程师（深圳）,1,技术类
32032-高级游戏策划（上海）,1,产品/项目类
25666-投标策略高级经理（北京）,1,市场类
25666-投标策略高级经理（上海）,1,市场类
27564-体育向内容编辑（深圳）,1,产品/项目类
21645-高级法律顾问-跨境支付方向（深圳）,1,职能类
27553-腾讯音乐商业分析经理（深圳）,1,市场类
30622-腾讯广告信息流与QQ效果广告行业运营经理（深圳）,2,产品/项目类
TEG17-高级语音平台开发工程师,1,技术类
PCG16-信息流商业化后台开发工程师（深圳）,2,技术类
CSIG16-自动驾驶控制算法工程师（北京）,1,技术类
WXG10-112 企业微信运营开发工程师（广州）,1,技术类
TME-全民K歌活动运营（深圳）,1,产品/项目类
23294-互娱品牌组长（深圳）,2,市场类
18796-产品经理(深圳）,1,产品/项目类
FWZ-诉讼律师（深圳）,2,职能类
TME-腾讯音乐专项测试开发工程师（深圳）,3,技术类
WXG08-113 大数据平台开发工程师（深圳）,1,技术类
TEG02-loRa网络研发工程师（深圳）,5,技术类
21309-初中数学教研教学老师（北京）,1,产品/项目类
22989-机器学习算法工程师（上海）,1,技术类
22989-机器学习算法工程师（深圳总部）,1,技术类
18428-银行业务测试工程师（深圳）,1,技术类
TME-Moo音乐/QQ音乐交互设计师（深圳）,1,设计类
CSIG16-自动驾驶点云感知算法工程师（北京）,1,技术类
31504-高级运营开发工程师,2,技术类
30623-腾讯广告联盟广告商务经理（北京）,1,市场类
23295-互娱PGC内容策划经理,1,市场类
TME-全民K歌直播内容运营（深圳）,3,产品/项目类
PCG04-无线过程改进工程师（深圳）,1,技术类
30620-腾讯广告网服行业运营经理（微信广告 深圳）,1,产品/项目类
21309-腾讯课堂设计培训类目经理（深圳）,1,产品/项目类
21309-IT类目经理（深圳）,1,产品/项目类
AQ-法律研究合作经理（北京）,1,职能类
15573-新侠风MMORPG手游客户端开发高级工程师（上海）,3,技术类
25926-机器学习算法高级工程师,2,技术类
25928-高级移动客户端开发工程师（深圳）,1,技术类
27216-腾讯乘车码开发工程师（深圳）,1,技术类
27441-投资系统运营分析经理（深圳）,1,职能类
32270-企鹅影视自制综艺节目制片人,3,产品/项目类
25924-自然语言处理高级算法工程师（深圳）,1,技术类
30625-腾讯广告KA电商广告产品运营经理（北京）,1,产品/项目类
TME-全民K歌国际版产品运营（深圳）,1,产品/项目类
23295-互娱娱乐营销商务经理（北京）,1,市场类
HY6-互娱后台开发工程师（深圳）,1,技术类
25928-Web前端开发工程师（深圳）,1,技术类
27092-应用宝web前端开发工程师（深圳）,1,技术类
21229-游戏客户端开发工程师（上海）,3,技术类
27193-互娱高级视觉设计师,1,设计类
30624-腾讯广告饮料行业广告销售经理（上海）,1,市场类
25666-投标策略高级经理（深圳）,3,市场类
28297-国漫/二次元项目高级运营经理（深圳）,1,产品/项目类
TME-全民K歌高级产品经理（用户增长）,1,产品/项目类
17229-资深原画设计师,2,设计类
15687-互娱漫画主笔(深圳),1,设计类
15581-华夏手游运营活动策划（深圳）,1,产品/项目类
15851-游戏后台开发工程师（深圳）,1,技术类
15579-高级游戏技术美术（深圳）,1,设计类
CSIG15-语音识别算法研究员,1,技术类
PCG10-数据分析产品经理,1,产品/项目类
CSIG16-底图渲染引擎开发工程师,1,技术类
30628-30628-腾讯社交广告数据应用产品经理（深圳/上海）,1,产品/项目类
PCG10-QQ浏览器推荐算法工程师,2,技术类
AQ-安全评估经理（广州）,1,职能类
22989-专有云网络高级产品经理（深圳）,3,产品/项目类
23872-综合商务运营经理,1,市场类
22090-快报高级产品经理,1,产品/项目类
AQ-安全评估经理（深圳总部）,1,职能类
15573-全球化SLG活动策划（上海）,1,产品/项目类
15573-《乱世王者》资深活动策划（上海）,1,产品/项目类
15573-SLG手游运营经理（上海）,1,产品/项目类
21557-音视频实验室视频内核专家（深圳/北京/美国）,1,技术类
22850-腾讯视频会员数据产品经理（北京）,1,产品/项目类
CSIG07-桌面安全产品部视觉设计师（深圳）,1,设计类
HY6-互娱高级产品运营经理（深圳）,1,产品/项目类
30622-腾讯广告后台开发工程师（QQ广告 深圳）,1,技术类
TEG03-海量计算组组长（深圳）,1,技术类
TEG03-实时平台组组长（深圳）,1,技术类
22989-腾讯云API开源工程师,2,技术类
22989-云市场商家体系运营经理,1,产品/项目类
22989-云市场SaaS生态拓展经理(深圳/北京/上海/广州/成都),1,市场类
22989-CDN产品架构师,2,产品/项目类
PCG19-大数据开发工程师（北京）,1,技术类
30626-腾讯广告华南渠道销售经理（广州）,1,市场类
29477-IP采购经理,1,内容编辑类
EC-教育创想空间设备运维工程师,1,技术类
22989-腾讯云高级项目经理（深圳）,1,产品/项目类
22989-腾讯云API高级研发工程师,2,技术类
CSIG16-地图数据系统架构高级工程师,2,技术类
15851-游戏研发项目管理（深圳）,1,产品/项目类
TEG02-网管系统后台开发工程师（深圳）,2,技术类
TEG02-资深网络优化工程师（深圳）,1,技术类
CSIG02-腾讯云旅游行业高级运营经理（深圳）,1,产品/项目类
25923-C++后台开发工程师（深圳）,2,技术类
CSIG16-合作产品负责人,1,产品/项目类
25927-移动游戏高级测试开发工程师（成都）,1,技术类
WXG03-115 小程序开发工具链前端开发（广州）,1,技术类
15573-全球化SLG商业化策划(上海),2,产品/项目类
19332-自然语言处理工程师（上海）,1,技术类
30625-腾讯广告金融行业广告运营（北京）,1,产品/项目类
20742-资深（专家）游戏技术美术总监（深圳）,1,设计类
20742-资深（专家）3D特效设计师（深圳）,1,设计类
20742-高级（专家级）3D角色设计师（深圳）,1,设计类
20742-高级（专家级）3D场景设计师（深圳）,1,设计类
20742-高级（专家级）概念原画设计师（深圳）,1,设计类
21527-腾讯音乐内部审计师（深圳）,3,职能类
PCG04-JAVA客户端开发（深圳）,1,技术类
20742-资深（专家）游戏技术美术（深圳）,1,设计类
PCG14-应用宝合作运营产品策划（深圳）,1,产品/项目类
HY3-虚拟偶像动画导演（深圳）,1,产品/项目类
25924-大数据平台开发工程师（深圳）,1,技术类
HY3-虚拟偶像文学编剧（深圳）,1,产品/项目类
15605-火影忍者ACT手游UI设计,1,设计类
18436-大数据开发高级工程师（深圳）,1,技术类
CB-薪酬福利经理（深圳）,2,职能类
AQ-法律合作研究经理（深圳）,2,职能类
22850-腾讯视频会员数据分析工程师（深圳）,1,技术类
TEG02-网管产品经理（深圳）,1,产品/项目类
TEG05-高级安全解决方案工程师（深圳）,1,技术类
TEG05-应用运维安全高级工程师,1,技术类
TEG05-高级安全工程师（渗透测试/红蓝对抗）,1,技术类
TEG05-高级安全工程师（应急响应）,1,技术类
25927-高级测试开发工程师,1,技术类
30359-后台策略安全工程师,1,技术类
28481-腾讯医疗售前解决方案架构师（深圳）,1,技术类
28481-腾讯医疗售前解决方案架构师(成都）,1,技术类
18402-MMO手游平台渠道运营(深圳）,1,产品/项目类
31967-企鹅电竞商业化运营经理（商务运营向）,1,产品/项目类
18796-腾讯即玩云游戏游戏引擎渲染高级工程师(深圳）,1,技术类
30628-腾讯广告平台高级产品经理（上海）,1,产品/项目类
TEG04-Web开发工程师（深圳）,2,技术类
WXG03-小程序推荐算法工程师,1,技术类
15575-《圣斗士星矢》高级特效设计师（成都）,1,设计类
30628-腾讯广告数据管理Web前端工程师（研发中心-上海）,1,技术类
17759-腾讯视频用户增长BI分析师,1,市场类
PCG17-3D动画设计师,1,设计类
28297-发行制作人,1,产品/项目类
18402-RPG手游市场运营（深圳）,1,产品/项目类
CSIG16-地图数据工艺高级产品经理,1,产品/项目类
22989-腾讯云资源成本数据运营（深圳）,1,产品/项目类
22989-腾讯云资源成本运营规划（技术架构优化方向）,2,技术类
30630-腾讯广告商业分析（产品技术）（深圳/上海）,1,市场类
25666-华东区域销售总监/组长(上海),2,市场类
TEG02-网络工程管理工程师（深圳）,1,技术类
25927-游戏测试经理（深圳）,1,技术类
25927-游戏测试经理（深圳）,1,技术类
CSIG16-车联网大数据及算法产品经理,1,产品/项目类
EC-编程教育教师培训专员（深圳）,1,产品/项目类
27931-产品内容策划(深圳）,1,产品/项目类
27552-投资总监（深圳）,1, 
15569-写实竞速手游技术美术（深圳）,2,设计类
CSIG07-安全技术高级工程师（北京）,2,技术类
25663-泛互联网业务架构师（深圳/武汉）,2,技术类
9615-CDG高级秘书（深圳）,1,职能类
TME-全民K歌推荐策略产品经理,1,产品/项目类
TME-全民K歌内容安全产品经理,1,产品/项目类
CDG-FiT-HRBP（深圳）,1,职能类
TME-腾讯音乐质量管理工程师,1,技术类
17759-腾讯视频安全平台产品经理,3,产品/项目类
25924-运营平台架构师（深圳）,1,技术类
WXG02-113 微信监控平台后台开发工程师（广州）,1,技术类
TEG02-PHP开发工程师（深圳）,2,技术类
21530-腾讯音乐高级人力规划经理（深圳）,1,职能类
TME-QQ音乐开放平台产品策划（深圳）,1,产品/项目类
TEG15-密码学信息安全工程师（深圳）,1,技术类
WXG02-113 微信后台开发工程师(广州）,1,技术类
23294-赛事直播高级产品经理(深圳),1,产品/项目类
27261-高级舆情研究员,2,职能类
25927-先游高级产品经理（上海）,1,产品/项目类
25927-游戏性评测工程师（上海）,1,技术类
TME-全民K歌web前端工程师（深圳）,2,技术类
25923-数据分析平台开发工程师（Python）（深圳）,1,技术类
WXG02-122 微信监控平台算法工程师（广州）,1,技术类
WXG02-115 微信运营平台web前端工程师（广州）,2,技术类
25928-高级游戏前台开发工程师,1,技术类
15614-SLG手游3D特效设计师（上海）,1,设计类
15614-SLG手游后台开发工程师（上海）,2,技术类
WXG02-113 微信后台高级工程师（广州）,1,技术类
TEG12-平台运营经理（深圳）,1,技术类
TEG02-网络管理平台资深架构师（深圳）,1,技术类
TME-腾讯音乐音质检测与评估算法工程师（深圳）,1,技术类
18914-秘书,1,职能类
25923-Python高级工程师,1,技术类
WXG02-133 微信小游戏高级运维工程师（广州/深圳）,1,技术类
27092-应用宝商业化游戏合作运营（深圳）,1,产品/项目类
22989-服务器系统工程师（机型选型方向）,2,技术类
25926-后台开发工程师（深圳）,1,技术类
25927-移动游戏高级测试开发工程师（上海）,1,技术类
29777-腾讯云移动开发平台高级产品经理（深圳、北京、上海）,2,产品/项目类
29777-腾讯云金融行业后台开发高级工程师,2,技术类
29777-金融云区块链高级研发工程师（深圳）,2,技术类
GY0-【国际业务部】Senior Web Developer（Hong Kong）,1,技术类
FC-运营类采购商务主管,1,职能类
30628-腾讯广告企业CRM应用开发工程师（上海）,1,技术类
WXG09-331 微信海外市场经理（广州）,1,市场类
21532-腾讯音乐综合行政专员（深圳）,1,职能类
TEG14-社交业务图像处理开发工程师,2,技术类
CSIG16-自动驾驶高精地图（工具研发）（北京),1,技术类
22086-体育数据产品经理,1,产品/项目类
19511-游戏学院产业研究经理(深圳）,1,产品/项目类
TME-TME-QQ音乐创新平台iOS开发工程师（深圳）,1,技术类
30626-腾讯广告渠道经理（北京）,1,市场类
18427-iOS移动客户端开发高级工程师,1,技术类
27092-应用宝商业化内部合作产品策划（深圳）,1,产品/项目类
PCG14-推荐算法工程师（深圳）,1,技术类
22850-数据分析师（策略分析方向）,1,市场类
30630-腾讯广告高级运营经理-销售咨询（北京/深圳）,1,市场类
30630-腾讯广告数据分析师-销售支持（深圳）,1,技术类
25926-游戏安全高级产品运营（深圳）,1,产品/项目类
TME-腾讯音乐后台策略安全（深圳）,2,技术类
30625-腾讯广告方案高级策划经理-教育方向（北京）,1,市场类
15605-移动游戏平台运营（深圳）,1,产品/项目类
XTB-秘书（深圳）,1,职能类
18435-风控产品经理,2,产品/项目类
TME-QQ音乐营收产品策划（深圳）,1,产品/项目类
25928-游戏AI研究组长/总监（美国）,1,技术类
26832-招聘专员(英文/日文),5,职能类
25926-游戏安全高级产品策划（深圳）,1,产品/项目类
25923-平台运维工程师（深圳）,2,技术类
CSIG16-腾讯地图服务和客户端引擎数据编译架构师,1,技术类
26699-智慧零售后台研发工程师（深圳/上海）,3,技术类
26381-腾云后台工程师（合资公司编制-昆明）,2,技术类
26381-腾云前端工程师（合资公司编制-云南）,2,技术类
TEG07-Android开发工程师（深圳）,1,技术类
CSIG17-云测试高级工程师（成都）,2,技术类
23293-互娱王者荣耀高级品牌经理（深圳）,1,市场类
24491-王者荣耀全球版-手游资深特效设计师(深圳),2,设计类
30632-腾讯广告生态合作运营经理,1,市场类
WXG04-115 微信游戏后台开发工程师（深圳）,8,技术类
23295-互娱媒介经理（深圳）,2,市场类
27092-腾讯效果广告-商业策略高级产品经理（深圳）,1,产品/项目类
25666-腾讯云西南区域销售（贵阳）,1,市场类
25666-腾讯云西南区域销售（广西）,1,市场类
CSIG16-腾讯地图在线导航服务和策略算法工程师,1,技术类
CSIG16-腾讯地图渲染引擎算法工程师,1,技术类
23293-互娱品牌经理（深圳）,1,市场类
23294-互娱品牌经理（深圳）,3,市场类
WXG10-212 企业邮箱产品策划经理（广州）,1,产品/项目类
TEG02-网络运营架构师（深圳）,1,技术类
28937-高级游戏引擎开发工程师（深圳）,1,技术类
TEG02-网络管控系统后台开发工程师（深圳）,1,技术类
24491-资深角色原画设计师(深圳),1,设计类
22989-大数据人工智能产品项目经理,2,产品/项目类
TEG02-云业务保障工程师（深圳）,2,技术类
TEG02-高级网络运营工程师DC（深圳）,1,技术类
25925-运营开发工程师（深圳）,1,技术类
30621-腾讯社交广告商业平台产品经理(新闻视频广告 深圳）,2,产品/项目类
30361-深度学习（图像处理）研发工程师（上海）,1,技术类
PCG14-应用宝后台开发（深圳）,1,技术类
25924-Web高级开发工程师,1,技术类
TEG06-高级应用开发工程师（Java/Golang/PHP）(深圳),1,技术类
25667-运营商渠道销售,3,市场类
WXG03-211 微信开放平台社区产品策划(广州),1,产品/项目类
WXG10-322 企业微信渠道经理（广州）,1,市场类
28936-高级移动游戏平台渠道经理（深圳）,1,产品/项目类
15612-资深系统策划（深圳）,1,产品/项目类
27193-互娱创意指导（深圳）,1,设计类
TEG02-高级网络运营工程师DCI（深圳）,1,技术类
CSIG16-web测试工程师,1,技术类
WXG07-QQ邮箱后台开发工程师,1,技术类
WXG07-数据挖掘算法工程师（广州）,1,技术类
WXG10-321 企业微信商务推广经理（北京-快消）,1,市场类
18432-理财业务运营分析及商务支持经理,1,产品/项目类
18435-项目经理,1,产品/项目类
CSIG16-地图数据高级产品经理,1,产品/项目类
CSIG16-地图数据评测工程师,4,技术类
CSIG16-服务端接口测试,1,技术类
CSIG16-地图数据产品经理,1,产品/项目类
CSIG16-地图数据平台后台高级研发工程师,6,技术类
CSIG16-地图平台高级产品经理,2,产品/项目类
CSIG16-地图平台产品经理,1,产品/项目类
CSIG16-地图数据平台后台研发工程师,6,技术类
CSIG16-POI数据策略高级工程师,2,技术类
CSIG16-地图搜索开发工程师(北京),1,技术类
32342-智慧影视高级产品经理,1,产品/项目类
32342-智慧影视产品经理,1,产品/项目类
WXG01-微信 Android 基础优化研发工程师,1,技术类
30632-腾讯广告商业产品经理,1,产品/项目类
CSIG17-测试开发高级工程师,1,技术类
TB-投资公关经理,1, 
22989-物联网移动端Android高级开发工程师,1,技术类
PCG09-信息流内容策略产品经理,1,产品/项目类
17467-商务拓展高级经理,1,市场类
9615-CDG部门秘书（深圳）,1,职能类
9615-CDG部门秘书（深圳）,1,职能类
27730-综艺短视频运营（北京）,1,内容编辑类
27092-商业化C/C++后台开发高级工程师（深圳）,2,技术类
25924-互娱游戏网站运维工程师（上海）,1,技术类
TEG13-大数据开发工程师（深圳）,2,技术类
TEG02-数据分析工程师,1,技术类
21229-运营开发工程师（上海）,3,技术类
29569-系统测试,1,技术类
CSIG16-高级项目管理专家,2,产品/项目类
22989-腾讯云中间件产品架构师（深圳）,1,技术类
22989-腾讯云中间件产品经理（深圳）,1,产品/项目类
TEG02-运营质量工程师（深圳）,1,技术类
27016-高级商业分析经理（深圳）,3,市场类
22989-腾讯云高级数据分析师,2,技术类
22989-数据建模师（深圳）,1,技术类
19157-政府安全合作项目技术咨询经理（上海）,1,技术类
25666-华东区域销售（浙江）,2,市场类
PCG04-天天P图系统测试工程师（上海）,2,技术类
TEG02-海外网络运营工程师（深圳）,1,技术类
23295-互娱娱乐营销市场经理,1,市场类
25928-游戏引擎开发leader（深圳/上海）,2,技术类
25928-高级图形开发Leader,1,技术类
WXG10-113 企业微信分布式架构后台开发工程师（广州）,1,技术类
TEG02-网络运营服务工程师（深圳）,2,技术类
PCG04-高级测试开发工程师（深圳）,1,技术类
18428-金融（银行）业务系统架构师,1,技术类
18427-理财通视觉设计师,1,设计类
FWZ-诉讼律师（北京）,1,职能类
21309-在线教育Go后台工程师（深圳）,1,技术类
27193-互娱动画多媒体设计师（上海）,1,设计类
WXG11-117 微信读书大前端开发工程师（广州）,1,技术类
21309-在线教育高级后台开发工程师（深圳）,3,技术类
18425-商业分析经理,1,市场类
22989-腾讯云运营系统开发工程师（深圳）,1,技术类
25923-大数据研发工程师（深圳）,1,技术类
22989-高级大数据开发工程师（深圳）,1,技术类
25664-公检法行业架构师（北京/深圳/广州/上海/成都）,7,技术类
TA-领导力培训（深圳）,1,职能类
30620-腾讯广告微信广告高级大数据开发工程师（深圳）,1,技术类
15575-《王者荣耀》高级客户端开发工程师（成都）,2,技术类
TEG05-Windows安全开发工程师（深圳）,1,技术类
25664-腾讯云经营分析岗（深圳）,1,产品/项目类
TEG13-数据挖掘工程师（深圳）,1,技术类
24987-技术动画（上海）,1,设计类
15570-交互设计师,1,设计类
TME-腾讯音乐项目经理（深圳）,1,产品/项目类
26699-智慧零售业务中心开发组长（上海or深圳）,1,技术类
15573-SLG手游资深策划（上海）,1,产品/项目类
15573-资深世界观文案策划（上海）,1,产品/项目类
27730-娱乐短视频运营（北京）,1,内容编辑类
WXG11-微信读书活动运营,1,产品/项目类
WXG10-119 企业微信PC端开发工程师（广州）,1,技术类
PCG17-手Q厘米秀客户端开发（深圳）,1,技术类
31504-腾讯云大客户售后海外客户高级技术顾问（日本/韩国/北上深成）,2,技术类
31504-AI机器人后台开发工程师（python）,2,技术类
22989-腾讯云学院产品运营经理,1,产品/项目类
22989-人工智能产品经理,1,产品/项目类
18796-平台业务经营分析师（深圳）,1,技术类
PCG04-web前端高级开发工程师,1,技术类
WXG11-微信读书高级推荐算法工程师（推荐系统）,1,技术类
22989-腾讯云云市场行业拓展经理,2,市场类
22989-腾讯云云市场用户成长运营,1,市场类
22989-腾讯云云市场用户服务运营,1,市场类
22989-腾讯云市场产品PHP/Python/go开发工程师,2,技术类
22989-腾讯云市场产品WEB开发工程师,2,技术类
TME-数据挖掘/分析高级工程师,1,技术类
21087-DNF手游渠道活动运营(深圳),1,产品/项目类
21087-DNF手游版本管理与数据分析（深圳）,1,产品/项目类
22989-腾讯云区域高级交付工程师（深圳总部）,3,技术类
22989-腾讯云区域高级交付工程师（上海）,3,技术类
32032-移动游戏高级后台开发工程师（深圳）,1,技术类
15712-游戏UI视觉设计(深圳),1,设计类
19511-游戏学院行业合作运营经理(深圳）,1,产品/项目类
23518-内容规划经理（深圳）,1,产品/项目类
14376-政府关系经理（广州）,1,职能类
30625-腾讯广告KA效果电商行业运营经理,1,产品/项目类
25669-腾讯云合作运营经理（深圳）,1,市场类
23295-互娱艺人选角合作经理（北京）,1,市场类
23671-企鹅号大数据研发工程师,1,技术类
15851-游戏音频开发工程师（深圳）,1,技术类
15851-游戏GPU系统工程师(深圳),1,技术类
15851-游戏人工智能研究员（深圳）,1,技术类
22989-腾讯云存储COS后台研发工程师（深圳）,1,技术类
CSIG02-智慧社区产品经理（深圳）,1,产品/项目类
30625-腾讯广告产品运营经理-（数据策略产品方向）,1,产品/项目类
PCG04-工程效率改进经理（深圳）,1,产品/项目类
TEG15-风控（海外）策略及数据分析工程师（深圳）,1,技术类
TEG15-数据库研发高级工程师（深圳）,1,技术类
22989-高级Web前端开发工程师（深圳）,1,技术类
25923-高级运维开发工程师（深圳）,1,技术类
30625-腾讯广告KA项目销售经理,1,市场类
25923-弹性计算研发工程师（深圳）,1,技术类
WXG10-411 企业邮箱UI视觉设计师（广州）,1,设计类
14376-文化福利经理（广州）,1,职能类
25923-自研游戏技术运营工程师（深圳）,1,技术类
TME-全民K歌平台基础后台工程师(深圳）,1,技术类
15605-手游服务器开发工程师（深圳）,2,技术类
WXG01-117 微信Android开发工程师（深圳）,1,技术类
TEG15-数据挖掘工程师（深圳）,1,技术类
25663-腾讯云国际业务技术咨询/实施专家（深圳）,1,技术类
TEG13-数据挖掘算法工程师（深圳）,2,技术类
25663-腾讯云区块链高级产品经理（北京）,1,产品/项目类
23293-互娱品牌经理（棋牌类）,1,市场类
WXG10-411 企业微信视觉设计（广州）,1,设计类
28966-移动端高级UI设计师(深圳),1,设计类
TEG04-腾讯乐享产品合作伙伴高级管理经理（深圳）,1,产品/项目类
15571-射击手游后台开发工程师（深圳）,2,技术类
PCG16-游戏信息流运营,1,产品/项目类
23674-新闻Web前端开发高级工程师（北京）,1,技术类
32342-腾讯影业商业分析师,1,市场类
32032-游戏客户端开发高级工程师（深圳）,1,技术类
25666-商务投标及产品上市导入（GTM）专家（北京）,1,市场类
21527-腾讯音乐高级内部审计师（深圳）,2,职能类
21089-本地化游戏策划（深圳）,2,产品/项目类
22989-腾讯云物联网方向研发leader,1,技术类
22989-腾讯云计费后台开发工程师（深圳）,1,技术类
25927-自动化测试架构师（上海）,1,技术类
WXG03-212 小程序技术支持工程师（广州）,1,技术类
WXG08-111 微信搜索推荐数据分析工程师（北京）,1,技术类
WXG02-微信通话音频内核开发工程师（深圳/广州/北京/成都）,1,技术类
30621-腾讯社交广告算法工程师（新闻视频广告 深圳）,1,技术类
26699-智慧零售业务中心前端开发（深圳）,1,技术类
15612-游戏运营（数据分析方向）,1,产品/项目类
6709-Post Deal Management Manager ,2,市场类
15611-海外市场策划（深圳）,1,产品/项目类
GY0-【国际业务部】Business Development Manager(Malaysia),1,市场类
25666-腾讯云传统企业销售经理,1,市场类
25666-化工行业大客户销售经理,1,市场类
CSIG16-自动驾驶应用软件工程师,1,技术类
25666-商务投标及产品上市导入（GTM）专家（深圳总部）,1,市场类
WXG02-113 微信云平台后台开发工程师（广州）,1,技术类
22989-腾讯云虚拟化高级研发工程师（深圳）,1,技术类
22989-腾讯云中间件高级后台开发工程师（深圳）,3,技术类
22989-腾讯云MongoDB高级架构师,1,技术类
31506-项目经理,1,产品/项目类
TME-多媒体算法科学家,1,技术类
27564-版本管理,1,产品/项目类
PCG10-知识图谱算法工程师,1,技术类
WXG02-121 微信视频内核高级/专家工程师（深圳/北京/广州/成都/上海）,1,技术类
28937-移动游戏专项测试工程师（深圳）,1,技术类
20503-优图专项测试工程师（上海）,1,技术类
25928-高级3D引擎工程师 （深圳）,1,技术类
26563-战略发展经理（深圳）,1,市场类
26563-日本商务经理（深圳）,2,市场类
PCG10-全栈（前端）开发工程师,1,技术类
32032-高级关卡策划（上海）,1,产品/项目类
22989-交付经营管理高级运营经理(深圳）,1,产品/项目类
22989-软件交付项目主管（深圳）,1,产品/项目类
22989-交付质量管理工程师（深圳）,1,技术类
25928-分布式机器学习系统高级工程师,2,技术类
32032-资深游戏美术3D动画（上海）,1,设计类
CSIG16-地图大数据挖掘工程师,1,技术类
TEG13-安全策略工程师（深圳）,1,技术类
24987-动画特效设计师,1,设计类
25928-客户端开发高级工程师（深圳）,1,技术类
25928-后台开发高级工程师（深圳）,1,技术类
23292-互娱DNF内容经理（深圳）,2,市场类
TEG11-高级后台开发工程师（北京）,1,技术类
29923-天天P图高级UI视觉设计师（上海）,1,设计类
25928-深度学习高级研发工程师,2,技术类
25925-大客户管家（深圳）,10,客户服务类
TEG03-数据平台产品中心总监（深圳）,1,产品/项目类
TEG03-高级爬虫工程师（深圳）,1,技术类
25928-高级PC客户端开发工程师（深圳）,1,技术类
15579-3D游戏特效设计（深圳）,1,设计类
TEG11-反垃圾算法工程师（深圳）,1,技术类
25924-数据分析高级产品经理BI（深圳）,1,产品/项目类
WXG03-211 公众平台数据运营（广州）,1,产品/项目类
WXG03-211小程序数据分析（广州）,1,技术类
TEG11-高级AI后台开发工程师（深圳）,1,技术类
26699-智慧零售大客户销售副组长(上海),1,市场类
28481-觅影医疗数据产品经理,2,产品/项目类
TME-全民k歌运营开发工程师（深圳）,1,技术类
15575-《王者荣耀》高级引擎开发工程师（成都）,2,技术类
CSIG07-桌面安全产品部高级交互设计师（深圳）,1,设计类
21229-内部合作运营支持（上海）,1,产品/项目类
25928-游戏AI高级算法工程师（深圳）,2,技术类
25927-游戏AI平台高级工程师,1,技术类
25927-游戏AI平台工程师,1,技术类
TEG11-AI后台开发工程师（深圳）,2,技术类
25663-腾讯云海外架构师（北京/上海/深圳）,1,技术类
28605-212 微信境外支付高级产品策划经理（深圳）,1,产品/项目类
25928-高级移动客户端开发工程师（深圳）,1,技术类
25928-高级语音算法工程师（深圳）,1,技术类
IEG-天美工作室HRBP（深圳）,1,职能类
WXG03-211 公众平台产品运营（广州）,1,产品/项目类
30616-投资者关系,1,职能类
PCG04-短视频高级后台开发工程师（深圳）,1,技术类
19838-影视立项统筹,1,市场类
19838-影视公共事务经理,1,市场类
TEG04-腾讯乐享产品行业应用顾问（深圳）,1,产品/项目类
TEG04-腾讯乐享产品售前工程师（深圳）,1,技术类
28481-腾讯互联网医院高级产品经理（深圳）,2,产品/项目类
WXG01-微信高级交互设计师（广州）,1,设计类
21090-游戏运营（深圳）,1,产品/项目类
21090-高级游戏策划（深圳）,1,产品/项目类
21090-游戏评测,1,产品/项目类
21090-网站运营,1,产品/项目类
PCG10-浏览器功能应用Android开发工程师,1,技术类
28481-腾讯健康高级产品经理（深圳）,2,产品/项目类
15614-RPG游戏运营经理,1,产品/项目类
25924-高级项目经理,1,产品/项目类
PCG20-企业文化高级经理（北京/深圳）,1,职能类
PCG20-企业文化高级经理（北京/深圳）,1,职能类
22989-物联网行业产品策划经理,1,产品/项目类
22989-分布式数据库产品经理（北京/深圳/成都）,2,产品/项目类
15583-手游单局战斗策划（深圳）,2,产品/项目类
15583-手游2D场景设计师（深圳）,1,设计类
15583-日语项目协调管理（深圳）,2,产品/项目类
27553-腾讯音乐人产品策划（深圳）,1,产品/项目类
TME-音乐人产品策划,1,产品/项目类
28481-医疗健康行业运营经理（深圳）,1,产品/项目类
S2-IT审计经理（深圳）,2,职能类
30627-腾讯广告渠道管理经理,1,市场类
25928-分布式数据库系统研发高级工程师,1,技术类
25664-运维开发工程师（广州）,2,技术类
25664-集成/交付类交付项目经理（深圳）,1,产品/项目类
WXG02-116 微信小程序专项测试工程师（广州）,1,技术类
21309-企鹅辅导初高中物理教研教学老师（深圳）,1,产品/项目类
27193-互娱Web前端多媒体互动开发工程师（深圳）,1,技术类
28297-RTS手游本地化策划,1,产品/项目类
GY0-【国际业务部】测试工程师（深圳）,1,技术类
15583-3D场景地图关卡编辑（深圳）,2,设计类
21309-深圳市腾讯教育科技有限公司高中生物、史地政学科老师（深圳）,4,产品/项目类
21309-深圳市腾讯教育科技有限公司排版设计师（深圳）,1,产品/项目类
TEG06-安全渗透高级工程师（深圳）,1,技术类
TEG06-云原生架构师（深圳）,1,技术类
TEG06-容器平台高级开发工程师（深圳）,1,技术类
28481-医疗健康高级后台开发工程师（深圳）,1,技术类
TEG09-云架构平台运营开发工程师（深圳）,1,技术类
23295-互娱数据营销平台DMP后台开发工程师（深圳）,1,技术类
28297-RTS手游商业化和活动策划,1,产品/项目类
TME-QQ音乐商业化产品策划（深圳）,1,产品/项目类
19332-企点产品高级产品经理（上海）,1,产品/项目类
18428-AI应用研发工程师,1,技术类
30627-腾讯广告SMB婚纱行业运营经理（北京）,1,市场类
27092-应用宝游戏产品运营（深圳）,1,产品/项目类
25928-语音测试开发工程师（深圳）,1,技术类
21557-音视频后台开发工程师（深圳）,1,技术类
23293-互娱战术竞技手游品牌经理（赛事方向）（深圳）,1,市场类
25925-腾讯游戏VIP高级产品经理（深圳）,2,产品/项目类
TEG17-医学AI算法研究员（深圳）,3,技术类
WXG02-113 微信分布式架构后台工程师（广州）,1,技术类
27087-高级创意经理-美术方向（深圳）,1,市场类
21309-深圳市腾讯教育科技有限公司SEM专员(深圳）,1,产品/项目类
ZL-商业分析经理（TEG）,1,市场类
ZL-Investment & Business Analysis Manager,1,市场类
EC-教育创想空间策展经理,1,设计类
18796-腾讯即玩云游戏高级产品经理（深圳）,2,产品/项目类
22989-存储产品策划经理,1,产品/项目类
27092-应用宝高级算法工程师（深圳）,2,技术类
TEG11-搜索排序算法工程师(深圳),1,技术类
CSIG16-高级安全工程师 ,1,技术类
25928-AI客户端开发工程师 (深圳),1,技术类
24491-王者荣耀全球版-手游服务器开发工程师,1,技术类
25666-教育云商务拓展（北京/成都）,1,市场类
25664-腾讯云政府生态合作经理（深圳、北京）,1,产品/项目类
PCG04-数据挖掘工程师（深圳）,1,技术类
WXG02-113 微信分布式架构高级后台工程师（广州）,2,技术类
30360-QQ空间产品运营经理,2,产品/项目类
25666-腾讯云游戏商务拓展（面向海外）（日本/韩国）,1,市场类
25663-腾讯云游戏解决方案架构师（海外）,2,技术类
WXG08-122 微信翻译算法工程师（广州）,1,技术类
25666-工业交通客户经理,4,市场类
19332-数据挖掘组leader（上海）,1,技术类
TEG03-广告推荐运维工程师（深圳）,1,技术类
TME-全民K歌PC客户端开发,2,技术类
23486-高级交互设计师（深圳）,1,设计类
CSIG16-车联网架构师（北京）,1,技术类
PCG14-应用宝前端开发工程师（深圳）,1,技术类
26699-智慧零售高级市场传播经理,1,市场类
15605-手游客户端开发工程师（深圳）,1,技术类
25664-服务合作伙伴管理经理（深圳）,1,产品/项目类
WXG02-113 微信安全后台开发工程师（广州/深圳）,1,技术类
PCG09-信息流NLP高级研究员,1,技术类
PCG09-浏览器信息流用户增长产品经理（深圳）,1,产品/项目类
CSIG16-车联网项目经理（深圳）,1,产品/项目类
26564-PHP后台开发工程师（深圳）,1,技术类
TEG02-边缘计算平台后台开发工程师,2,技术类
15575-高级引擎开发工程师（成都）,1,技术类
30626-腾讯广告渠道管理专员（上海）,1,市场类
22989-工业AI平台-产品经理（深圳总部）,1,产品/项目类
29912-短视频社区高级后台开发工程师,2,技术类
29912-数据分析-增长,1,技术类
WXG02-153 微信质量管理工程师（运营QA）（ 广州/深圳）,1,技术类
WXG02-113 微信后台开发工程师（广州）,1,技术类
22989-腾讯云视频云产品技术支持（成都）,1,技术类
24987-FPS游戏运营活动策划,1,产品/项目类
CSIG16-导航诱导服务高级产品经理,1,产品/项目类
TEG01-自然语言处理工程师（深圳）,2,技术类
WXG02-133 微信小程序运维工程师（广州）,1,技术类
22989-腾讯云大数据应用高级产品经理（深圳）,1,产品/项目类
CSIG16-地图数据平台Web前端研发工程师,1,技术类
TEG12-后台开发工程师（深圳）,4,技术类
21229-Android资深研发工程师（上海）,1,技术类
21229-iOS资深研发工程师（上海）,1,技术类
CSIG17-测试开发高级工程师,1,技术类
22989-专有云中间件运维工程师（深圳/北京/上海）,2,技术类
22989-专有云平台运维工程师（深圳/北京/上海）,2,技术类
18435-数据平台开发工程师,1,技术类
23295-互娱游戏品牌合作经理（深圳）,1,市场类
23295-互娱移动游戏渠道营销拓展渠道经理（深圳）,2,市场类
WXG02-136 微信运营资源规划工程师（广州）,1,技术类
WXG02-133 微信支付运维工程师（深圳）,2,技术类
29050-CII产品合规经理,2,职能类
29050-CII产品合规经理,2,职能类
29050-跨境安全经理/专家,2,职能类
HY6-互娱内容营销方向市场推广经理（太原）,1,市场类
25663-Tencent cloud game solution architect (overseas)（日本/韩国）,5,技术类
18796-专项技术测试(深圳）,1,技术类
25666-Tencent Cloud BD Manager C Gaming（Overseas - Japan/Korea）,5,市场类
15616-高级3D场景美术师（上海）,1,设计类
29912- 微视用户运营,1,产品/项目类
TEG11-自然语言处理研究员（深圳）,1,技术类
TEG11-推荐系统算法研发工程师（北京）,1,技术类
TME-QQ音乐平台Web前端工程师（深圳）,1,技术类
26563-PC客户端开发工程师(深圳）,1,技术类
PCG09-安卓客户端开发,2,技术类
30359-服务管理高级工程师,1,技术类
PCG17-QQ支付数据开发工程师(深圳）,1,技术类
PCG16-ACG社区UGC运营leader,1,产品/项目类
16810-腾讯动漫同人运营 ,1,内容编辑类
16810-腾讯动漫原画设计,1,设计类
22989-AI大数据项目经理,1,产品/项目类
22989-JVM技术专家（深圳、北京、成都）,3,技术类
TB-投资运营经理（增值服务）,1, 
25669-腾讯云社群运营经理（深圳）,1,产品/项目类
25669-腾讯云课程运营经理（深圳）,1,产品/项目类
22989-工业AI平台-产品架构师（上海）,1,技术类
22989-工业AI平台-产品架构师（深圳总部）,1,技术类
22989-工业AI平台-产品经理（上海）,1,产品/项目类
29777-腾讯云广电行业方案架构师（北京/上海/深圳）（深圳总部）,1,技术类
29777-腾讯云广电行业方案架构师（北京/上海/深圳）（北京）,1,技术类
29777-腾讯云广电行业方案架构师（北京/上海/深圳）（上海）,1,技术类
27192-互娱商业分析经理（深圳）,1,市场类
30628-腾讯广告商务平台产品经理（北京）,1,产品/项目类
27087-高级创意经理-策划方向,1,市场类
15602-2D角色和场景设计,1,设计类
18425-金融人工智能高级研究员,1,技术类
WXG02-154 微信游戏系统测试工程师（深圳）,1,技术类
PCG16-精品游戏平台运营,2,产品/项目类
PCG16-游戏类信息流社区运营,2,产品/项目类
PCG16-信息流后台开发工程师（深圳）,4,技术类
HY6-互娱运营开发工程师（深圳）,1,技术类
PCG16-游戏内容Android开发工程师（深圳）,1,技术类
15602-动画分镜设计（深圳）,1,设计类
25928-项目管理经理（深圳）,1,产品/项目类
29050-跨境安全经理/专家,2,职能类
29050-CII政策发展经理,2,职能类
29050-CII政策发展经理,2,职能类
22989-腾讯云高级文档开发经理（深圳）,1,产品/项目类
WXG09-332 微信支付高级品牌经理（深圳）,1,市场类
28603-113 微信支付核心资金开发工程师（深圳）,1,技术类
28994-区块链底层开发工程师（深圳）,2,技术类
25923-海外游戏技术运营工程师（深圳）,1,技术类
15575-《王者荣耀》动画影视主编（成都）,1,内容编辑类
15575-《王者荣耀》资深美术宣传图原画设计师（成都）,1,设计类
16175-日本商业化策划（深圳）,1,产品/项目类
22989-腾讯云UI开发工程师（深圳）,2,设计类
CSIG16-地图POI平台前端Web研发工程师,1,技术类
25924-内容AI算法工程师（上海）,4,技术类
PCG04-高级测试开发工程师（深圳）,1,技术类
PCG04-AI线上实验平台高级研发工程师（深圳）,1,技术类
TME-全民K歌产品运营策划（深圳）,1,产品/项目类
WXG10-113 企业微信Web后台开发工程师（广州）,1,技术类
WXG08-122 微信搜索机器学习算法工程师（北京）,1,技术类
AQ-司法协作经理（上海）,3,职能类
22989-高级Linux内核/虚拟化运维工程师（深圳）,1,技术类
25666-游戏云KA sales,2,市场类
25666-游戏云KA sales,2,市场类
22989-腾讯云音视频高级开发工程师（深圳）,1,技术类
18427-理财通开发工程师,1,技术类
22989-腾讯云PAAS产品中心web前端开发（深圳）,2,技术类
TEG13-运维开发工程师（深圳）,1,技术类
15614-slg主策划（上海）,1,产品/项目类
30627-腾讯广告SMB渠道运营经理,1,市场类
21309-创新产品-iOS开发工程师（深圳）,1,技术类
PCG09-QQ看点产品策划经理（互动类）,1,产品/项目类
14173-领导力专家（深圳/上海/北京）,1,职能类
CSIG16-车联网视觉设计师（北京）,2,设计类
TEG05-Linux后台开发工程师（深圳）,3,技术类
22989-腾讯云生态高级产品经理（深圳）,1,产品/项目类
15614-技术美术（上海）,1,设计类
15614-UE4手游客户端开发（上海）,1,技术类
22989-腾讯云资源管理规划工程师（深圳）,2,技术类
15602-高级游戏2D角色原画（深圳）,1,设计类
15616-高级UE4引擎图形开发工程师（上海）,1,技术类
31458-信用卡高级产品经理,1,产品/项目类
20354-腾讯云网络安全研究员,1,技术类
TEG05-Linux后台开发工程师（深圳）,1,技术类
CSIG17-高级测试工程师,1,技术类
31504-腾讯云大客户售后高级技术顾问（深圳/北京/上海/成都）（上海）,1,技术类
15616-UE4手游客户端开发工程师（上海）,1,技术类
PCG09-信息流内容策略产品经理,1,产品/项目类
PCG09-内容平台高级产品经理,1,产品/项目类
HGJ-senior legal counsel(MA),1,职能类
TEG04-高校合作项目经理（深圳）,1,产品/项目类
32032-游戏客户端开发高级工程师（深圳）,1,技术类
32032-游戏音频设计师（深圳）,1,产品/项目类
15583-UE4引擎游戏客户端开发（深圳）,3,技术类
15605-高级3D动画设计师(深圳),1,设计类
WH-员工关系经理（劳动关系方向）（深圳）,1,职能类
21557-视频编解码专家（北京/深圳/美国）,1,技术类
PCG17-厘米秀高级产品运营（深圳）,1,产品/项目类
"HGJ-Senior Legal Counsel, Tencent, HK M&A and Capital Markets（Hong Kong）",1,职能类
PCG09-内容安全和质量产品经理,1,产品/项目类
PCG09-高级产品经理(商业化产品),1,产品/项目类
29923-腾讯原创馆产品经理,1,产品/项目类
TEG04-知识管理产品Web前端开发（深圳）,1,技术类
TEG04-智慧校园产品高级售前工程师（深圳）,2,产品/项目类
PCG17-游戏数据分析师,1,产品/项目类
32032-高级游戏美术特效(深圳）,1,设计类
31967-直播平台运营经理（商业化方向）,1,产品/项目类
31967-企鹅电竞商业化运营经理（策划运营向）,1,产品/项目类
21309-在线教育-高级品牌设计师（深圳）,2,设计类
21309-在线教育-UI设计师（深圳）,2,设计类
22989-腾讯云块存储底层开发工程师（深圳）,2,技术类
28936-移动游戏运营协调组长（深圳）,1,产品/项目类
CD-安全经理（成都）,1,职能类
21309-3D动画设计师（深圳）,2,设计类
26699-智慧零售后台研发工程师（成都）,2,技术类
S2-Java应用开发工程师（深圳）,3,技术类
25924-后台开发工程师（深圳）,1,技术类
31967-企鹅电竞平台运营经理,1,产品/项目类
22989-腾讯云平台（培训）后台开发工程师（深圳）,2,技术类
30361-创新产品经理（深圳）,1,产品/项目类
WXG11-113 微信读书后台开发工程师（广州）,1,技术类
22989-腾讯云物联网方向产品架构师（ 深圳/上海）,1,技术类
TME-腾讯音乐音频机器学习算法工程师（深圳）,1,技术类
TME-腾讯音乐音频算法工程师（深圳）,1,技术类
30627-腾讯广告营销线/SMB产品运营经理,1,产品/项目类
21527-腾讯音乐风险管理及内部控制分析师（深圳）,8,职能类
19881-《王者荣耀》社区内容运营,1,产品/项目类
"HGJ-Senior Legal Counsel, Data Privacy",1,职能类
WXG10-117 企业微信Android客户端开发工程师（成都）,1,技术类
21882-腾讯医典高级产品经理（深圳）,1,产品/项目类
28603-113 微信支付架构后台开发工程师（深圳）,1,技术类
22989-腾讯云平台培训产品经理,2,产品/项目类
18425-境外资金渠道产品经理,1,产品/项目类
GY0-【国际业务部】JOOX海外音乐后台开发(深圳),1,技术类
28297-二次元赛道内外部平台合作（深圳）,1,产品/项目类
22989-腾讯云视觉设计师（深圳）,2,设计类
PCG10-NLP算法高级工程师,1,技术类
22989-腾讯云平台后台开发工程师（深圳）,2,技术类
GY0-【国际业务部】Content Editor(Indonesia),1,内容编辑类
25926-机器学习算法高级工程师,2,技术类
RP-HR交付管控专家(深圳),1,职能类
22090-信息流平台科技垂类内容运营,1,产品/项目类
CSIG16-行业解决方案架构师,1,产品/项目类
22989-腾讯云社区产品运营（深圳）,1,产品/项目类
TME-腾讯音乐音频检索算法工程师（深圳）,1,技术类
25928-测试开发工程师,1,技术类
15614-天刀3D游戏动画设计师（上海）,1,设计类
AQ-安全标准经理（深圳）,2,职能类
27730-短视频平台产品经理（深圳）,1,产品/项目类
29911-交互设计师,1,设计类
PCG10-用户增长产品经理,1,产品/项目类
FC-综合类采购商务主管,1,职能类
S2-CSIG税务管理经理(深圳),1,职能类
S2-Java开发工程师（深圳）,1,技术类
31967-直播平台运营经理（渠道运营方向）（上海）,1,产品/项目类
31967-直播平台运营经理（赛事方向）（深圳总部）,1,产品/项目类
TEG02-物联网无线网架构与规划工程师,1,技术类
TEG05-高级DDOS后台研发工程师（深圳）,2,技术类
28603-113 微信支付核心支付开发工程师(深圳),1,技术类
27261-高级舆情项目经理,2,职能类
22989-腾讯云AI产品高级咨询顾问（深圳北京）,1,技术类
18428-财付通清算业务开发工程师（深圳）,4,技术类
22989-腾讯云开发者社区产品策划（深圳）,1,产品/项目类
25927-游戏测试经理,1,技术类
25927-游戏测试经理,1,技术类
22989-运营开发高级工程师,1,技术类
CSIG15-翻译君机器学习高级工程师（北京）,1,技术类
29911-视觉设计师,1,设计类
S2-高级结算分析经理,1,职能类
21309-腾讯课堂-广告流量运营高级经理,1,产品/项目类
32032-3D角色设计(深圳),1,设计类
28937-高级游戏技术美术,2,设计类
TEG02-边缘计算平台架构工程师,1,技术类
25663-腾讯云高级后台开发(互联网业务)（北京）,1,技术类
22989-web前端开发工程师（深圳/上海）,2,技术类
PCG20-企业文化高级经理（北京/深圳）,1,职能类
22989-腾讯云存储产品经理,1,产品/项目类
22989-腾讯云生态产品运营经理 （深圳/北京/上海）,4,产品/项目类
16810-腾讯动漫业务管理经理,1,职能类
31506-运营型项目经理,1,产品/项目类
TEG02-物联网平台后台开发工程师（深圳）,1,技术类
TEG02-物联网平台后台开发工程师（北京）,1,技术类
TEG02-物联网平台前端开发工程师（深圳）,1,技术类
TEG02-物联网平台前端开发工程师（北京）,1,技术类
22989-腾讯云AI产品高级咨询顾问（深圳北京）,1,技术类
31458-通讯充值产品运营经理,1,产品/项目类
22989-腾讯云高级运维工程师,2,技术类
15579-互娱项目管理经理(深圳),1,产品/项目类
TEG09-视频AI处理资深工程师（深圳）,2,技术类
TEG09-CDN架构专家工程师（深圳）,1,技术类
27092-应用宝商业化内部合作经理（深圳）,1,市场类
22989-web前端开发工程师（深圳/上海/北京）,2,技术类
22989-资深算法工程师,2,技术类
22989-资深算法工程师,2,技术类
26563-游戏平台运营（深圳）,3,产品/项目类
26563-游戏平台运营,3,产品/项目类
TEG02-物联网平台架构工程师（深圳）,1,技术类
TEG02-物联网平台架构工程师（北京）,1,技术类
15602-UI组组长（深圳）,1,设计类
29313-影业财管经理（北京）,1,职能类
15612-手游后台开发工程师,1,技术类
28607-122 微信支付高级推荐算法工程师（深圳）,1,技术类
28607-122 微信支付自然语言处理高级工程师（深圳）,1,技术类
25664-高级交互设计师,1,设计类
22850-腾讯视频会员业务数据运营（北京）,1,产品/项目类
25667-战略BD-大数据基础及应用、AI（图像、语音算法等）、智能硬件方向,1,市场类
CSIG16-数据分析产品经理,1,产品/项目类
28604-113 微信支付支付应用开发工程师（深圳）,1,技术类
21882-腾讯医典高级后台开发（深圳）,1,技术类
26699-智慧零售后台研发工程师（上海）,2,技术类
25664-高级视觉设计师,1,设计类
PCG04-腾讯视频Web质量测试工程师（深圳）,1,技术类
29303-高级视觉设计师（深圳）,1,设计类
27092-应用宝产品运营（深圳）,1,产品/项目类
PCG14-应用宝Android终端开发工程师（深圳）,1,技术类
26699-智慧零售高级市场经理（活动管理/商务拓展）,1,市场类
CSIG02-腾讯云项目交付专家/顾问（深圳）,1,产品/项目类
30361-社交产品经理-付费向,1,产品/项目类
6486-IEG秘书（北京）,1,职能类
PCG16-高级游戏数据分析经理,2,产品/项目类
31112-腾讯视频web前端开发工程师(北京),1,技术类
PCG19-腾讯视频后台开发工程师（深圳）,1,技术类
PCG19-腾讯视频媒资后台开发工程师（深圳）,2,技术类
25666-腾讯云西南区域销售（成都）,2,市场类
TME-QQ音乐直播产品策划,1,产品/项目类
TME-QQ音乐社交Android开发工程师（深圳）,3,技术类
29313-PCG财务高级经理（北京）,2,职能类
25667-战略BD-泛互联网（视频、互联网、游戏等）方向【北京/深圳】,1,市场类
20503-优图上海-AI服务Linux后台研发工程师（上海）,1,技术类
22989-大数据AI综合应用后台开发工程师,1,技术类
22989-大数据AI综合应用Web前端开发工程师,2,技术类
S2-运维开发工程师（深圳）,1,技术类
CSIG16-质量评测研发工程师,1,技术类
29309-云战略生态部投后运营管理（深圳）,2, 
TME-中央曲库数据产品经理（深圳）,1,产品/项目类
27092-应用宝后台开发高级工程师（深圳）,2,技术类
21527-腾讯音乐PHP开发工程师（北京）,2,技术类
15612-高级技术美术(北京),2,设计类
22989-金融算法专家,1,技术类
22989-金融算法专家,1,技术类
25926-游戏安全机器学习工程师（深圳）,1,技术类
30624-腾讯广告行业大客户销售经理,1,市场类
28605-114 微信支付国际化业务开发工程师（深圳）,2,技术类
26563-游戏社区运营,1,产品/项目类
26563-游戏社区运营,1,产品/项目类
TEG10-云技术架构师（深圳）,3,技术类
27092-算法工程开发工程师（深圳）,1,技术类
CSIG17-高级测试工程师（深圳）,4,技术类
22989-腾讯云web前端高级工程师,2,技术类
CSIG16-车联网产品经理（智能座舱产品规划）（北京）,1,产品/项目类
26699-智慧零售大客户销售经理（深圳总部）,1,市场类
30624-腾讯广告华东食品饮料行业策划经理,1,市场类
TEG11-信息流推荐高级研究员（北京）,1,技术类
WXG08-112 微信搜索推荐运营系统开发工程师（深圳）,1,技术类
28600-212 微信支付商户资金应用产品经理（深圳）,1,产品/项目类
22989-CV计算机视觉组产品组长,1,产品/项目类
23295-互娱公关经理（深圳）,1, 
26699-智慧零售大客户销售经理（北京）,1,市场类
TEG03-机器学习高级研究员（深圳）,2,技术类
25667-战略BD-北区（华北、华东）政府、集成商、交通方向,2,市场类
25667-战略BD-基础架构、物联网、安全方向,1,市场类
30620-腾讯广告微信广告游戏行业运营经理（深圳）,1,产品/项目类
24546-商业分析师（上海）,1,市场类
22989-腾讯云大数据开发工程师,2,技术类
22989-腾讯云数据平台产品中心后台开发,1,技术类
22989-腾讯云运营产品中心web前端研发工程师（深圳）,1,技术类
TEG09-云数据库平台研发工程师,1,技术类
30361-社交产品经理-创新向,1,产品/项目类
23671-腾讯双百计划投后运营经理（深圳）,1,产品/项目类
21229-代理游戏版本运营,1,产品/项目类
18796-数据分析师（深圳）,1,技术类
21527-腾讯音乐高级预算管理经理,1,职能类
25666-华东区域销售（政务方向）,1,市场类
21527-腾讯音乐财务管理,1,职能类
25666-互联网商务拓展（上海）,1,市场类
29777-金融售中架构师（大数据方向）（深圳/北京/上海）,2,技术类
29777-金融售中架构师（专有云方向）（深圳/北京/上海）,2,技术类
29777-金融云交付项目经理,2,产品/项目类
29777-腾讯云区块链高级产品经理（北京）,2,产品/项目类
29777-互联网金融行业产品经理,2,产品/项目类
29777-金融云区块链高级研发工程师（深圳）,2,技术类
15570-RTS+SLG游戏资深3D美术（深圳）,1,设计类
31504-腾讯云大客户售后团队Leader/技术专家(上海/成都/深圳/北京)（深圳总部）,1,技术类
28607-122 微信支付知识发现高级工程师（深圳）,1,技术类
PCG09-信息流产品数据分析,1,产品/项目类
23671-企鹅号策略产品经理（分成方向）,1,产品/项目类
24547-游戏联运产品经理,1,产品/项目类
22090-兴趣阅读-推荐架构工程师,1,技术类
25925-Linux C++开发工程师（深圳）,1,技术类
TME-音效开发工程师（深圳）,1,技术类
22989-物联微服务平台产品经理 （深圳/上海）,2,产品/项目类
WXG07-212 广研企业产品策划经理,1,产品/项目类
15614-天刀手游战斗系统策划（上海）,2,产品/项目类
22989-音视频研发高级工程师（深圳）,1,技术类
15570-高级系统策划（FPS/TPS射击类）,1,产品/项目类
28605-321 微信境外支付高级区域经理（日本）,1,市场类
28605-321 微信境外支付高级区域经理（泰国）,1,市场类
TME-音乐分析及搜索算法工程师（深圳）,1,技术类
TEG04-智慧校园产品PHP高级开发工程师（深圳）,2,技术类
21557-Software Engineer C VR (Silicon Valley/Shenzhen/Beijing),1,技术类
21557- Sr/Principle Researcher (Silicon Valley/Shenzhen/Beijing),1,技术类
22989-小程序云开发后台开发高级工程师（深圳）,2,技术类
22989-物联网-智能家居与智能硬件解决方案架构师（深圳）,2,技术类
22989-物联网-智慧零售解决方案架构师（ 深圳/上海）,2,技术类
22989-智慧城市/交通/能源产品架构师（深圳/上海）,2,技术类
TME-音乐品质提升算法工程师（深圳）,1,技术类
29777-腾讯云行业策略专家（北京/上海/深圳）,3,产品/项目类
22989-AI产品高级后台软件开发工程师(深圳/北京/杭州）,2,技术类
CS-“科学探索奖”项目经理,1,职能类
22989-AI产品前端软件开发工程师（深圳/北京/杭州）,2,技术类
21882-医疗资讯产品中心-医学美术编辑（深圳）,1,设计类
CSIG14-移动安全高级研究员（深圳）,1,技术类
30933-高级UI设计师,1,设计类
15605-火影忍者ACT手游3D动画设计,1,设计类
15605-火影忍者ACT手游特效设计（深圳）,1,设计类
25923-游戏运维开发工程师（上海）,1,技术类
22989-IoT安全高级产品经理（深圳/上海/北京）,2,产品/项目类
22989-IoT OS高级产品经理（深圳/上海/北京）,1,产品/项目类
22989-工业物联Paas平台高级产品经理（深圳/上海）,2,产品/项目类
29777-金融云保险行业售前架构师（深圳/北京/上海）,4,技术类
25925-AI高级产品运营经理（深圳）,1,产品/项目类
PCG04-软件配置管理工程师（深圳）,1,技术类
22989-Web前端开发高级工程师,2,技术类
15614-天刀手游系统策划（上海）,1,产品/项目类
29777-腾讯云工业行业总监（深圳）,1,技术类
CSIG02-腾讯云教育产业规划咨询师（深圳）,1,产品/项目类
23671-企鹅号内容特征算法工程师（北京）,2,技术类
21309-儿童英语启蒙产品ABCmouse产品运营经理,1,产品/项目类
WH-员工关系经理(深圳),2,职能类
29777-金融云互联网金融售前架构师（深圳/北京/上海）,4,技术类
23671-企鹅号策略产品经理（反作弊方向）,1,产品/项目类
21087-端游游戏运营策划(深圳）,1,产品/项目类
CSIG16-自动驾驶仿真模拟系统-交通流系统工程师,1,技术类
S2-税务风险管理和筹划高级经理（深圳）,1,职能类
23677-互娱服务采购经理,1,职能类
21527-腾讯音乐企业IT信息化项目经理（深圳）,1,职能类
15614-天刀游戏合作/活动运营,1,产品/项目类
EC-培训咨询顾问（深圳）,1,职能类
PCG14-自然语言处理高级算法工程师（深圳）,2,技术类
27087-市场营销,2,市场类
30934-Game Localization Manager (English),1,产品/项目类
25664-政务大数据交付架构师,2,技术类
27192-互娱市场与用户研究经理,1,市场类
31677-SMAD - 多模态体验设计组 ― CUI音效设计师(深圳）,1,设计类
31677-SMAD - 多模态体验设计组 ― CUI文案设计师（深圳）,1,设计类
23517-卡牌产品运营策划,1,产品/项目类
23517-开放世界MMO产品平台运营,1,产品/项目类
23517-开放世界MMO产品市场运营,1,产品/项目类
30934-游戏海外客服管理,1,客户服务类
30934-Game Localization Manager (Japanese)    ,1,产品/项目类
15579-互娱项目管理经理(深圳),1,产品/项目类
27562-SOC赛道手游运营策划（深圳）,1,产品/项目类
27562-SOC赛道手游数据分析师,1,产品/项目类
27562-SOC赛道手游手游运营推广,1,产品/项目类
23517-开放世界MMO产品数据分析师,2,产品/项目类
PCG10-搜索Web前端开发工程师,2,技术类
PCG10-搜索产品经理,1,产品/项目类
PCG04-后台开发工程师（上海）,1,技术类
22989-AI平台产品经理/架构师（上海/深圳）,2,产品/项目类
25663-互联网高级行业运营经理（深圳/上海）,2,产品/项目类
PCG04-测试开发工程师（上海）,1,技术类
25666-教育云商务拓展（上海）,2,市场类
22989-AI应用后台开发工程师（深圳）,2,技术类
25663-泛互联网海外高级运营经理（深圳）,1,产品/项目类
22989-音频算法工程师（上海/深圳）,2,技术类
PCG04-后台开发工程师（北京）,1,技术类
22989-腾讯云计算机视觉后台开发工程师（深圳）,2,技术类
21309-企鹅辅导高级产品策划经理（B端）,1,产品/项目类
27562-SOC赛道手游运营策划（深圳）,1,产品/项目类
CSIG17-AI测试开发高级工程师,1,技术类
15616-手游高级后台开发工程师（上海）,1,技术类
24987-资深3D角色美术（上海）,2,设计类
27564-体育游戏海外PM（深圳）,1,产品/项目类
25663-泛互联网生态高级运营经理（深圳）,1,产品/项目类
22989-AI基础项目经理PM（上海/深圳）,2,产品/项目类
22989-账号平台高级产品经理（深圳）,2,产品/项目类
30359-灯塔ios客户端开发高级工程师,1,技术类
27092-高级算法工程师（深圳）,2,技术类
15570-手游后台高级工程师,1,技术类
25667-企点行业渠道销售经理（上海）,1,市场类
27931-移动游戏平台渠道高级运营（深圳）,1,产品/项目类
27931-媒体社区运营(深圳),1,产品/项目类
27931-文案策划（深圳）,1,产品/项目类
15571-3D场景设计师,1,设计类
15571-2D概念设计师,1,设计类
25663-泛互联网高级战略规划师（深圳）,1,市场类
GY0-【国际业务部】Product Operation Manager(Malaysia),1,产品/项目类
15605-《一人之下》手游高级文学策划（深圳）,1,产品/项目类
PCG09-QQ看点策略推荐高级产品经理,1,产品/项目类
22989-腾讯云计算产品前端开发工程师（深圳）,2,技术类
WXG10-116 企业微信测试开发工程师（广州）,1,技术类
25663-泛互联网解决方案架构师（北京/上海/深圳）（上海）,2,技术类
27931-产品内容策划(深圳）,1,产品/项目类
29911-创意玩法设计师,1,设计类
PCG10-用户增长渠道leader,1,产品/项目类
PCG10-商业化产品运营经理-平台策略方向,1,产品/项目类
PCG10-商业化产品运营经理-搜索广告方向,1,产品/项目类
21309-在线教育数据分析高级工程师（深圳）,1,技术类
18428-腾讯金融与支付创新业务高级工程师（c++及java）,2,技术类
25663-泛互联网行业高级项目经理（深圳）,1,产品/项目类
CSIG02-腾讯云智慧旅游高级运营经理（深圳/成都）,1,产品/项目类
22989-运营产品中心web前端开发,2,技术类
22989-腾讯云块存储高级后台开发工程师,2,技术类
PCG09-QQ看点IOS开发工程师,3,技术类
PCG09-QQ看点安卓开发工程师,3,技术类
15571-unity客户端开发工程师,3,技术类
25663-腾讯云游戏行业高级运营经理(深圳),1,产品/项目类
25663-视频行业高级运营经理(深圳),1,产品/项目类
25578-医疗AI软件开发,1,技术类
28605-137 微信支付国际化解决方案架构师,1,技术类
RP-人力资源领域Java/golang/.Net应用开发工程师（深圳）,4,技术类
21229-游戏App应用开发工程师（上海）,2,技术类
22989-计算机视觉工程师（上海/深圳）,1,技术类
22989-自然语言处理工程师,2,技术类
30360-QQ小程序产品经理（深圳）,1,产品/项目类
WXG10-115 企业微信web前端开发工程师（广州）,1,技术类
CSIG02-腾讯云旅游行业高级产品策划经理（深圳）,1,产品/项目类
26381-政务业务拓展经理（昆明）,1,市场类
15571-手游-高级技术美术,2,设计类
15571-CF手游资深动作设计师,1,设计类
15571-3D特效设计师,1,设计类
15571-多媒体设计师,2,设计类
TME-腾讯音乐曲库后台开发,1,技术类
TME-腾讯音乐运营开发,3,技术类
15605-市场运营(深圳）,2,产品/项目类
TME-数据挖掘/分析工程师（深圳）,1,技术类
31677-腾讯车联网高级视频设计师 （北京）,1,设计类
20503-优图智慧零售测试工程师,1,技术类
25923-golang研发工程师（深圳）,1,技术类
29777-腾讯云交通行业架构师（北京/上海/深圳）,3,技术类
27442-反舞弊调查经理（深圳）,3,职能类
TEG11-数据挖掘研究员(深圳）,2,技术类
GY0-【国际业务部】高级数据分析工程师（深圳）,1,技术类
S2-应收专家,1,职能类
21528-MCN运营（北京）,1,市场类
24987-次世代游戏后台开发（上海）,1,技术类
TME-QQ音乐社区产品策划（深圳）,1,产品/项目类
22989-腾讯云官网流量运营经理（SEO方向）,2,产品/项目类
21557-Android研发高级工程师,1,技术类
20589-海外PM(深圳),1,产品/项目类
TEG11-数据挖掘工程师（深圳）,2,技术类
22989-数据库前端高级工程师（成都/深圳）,2,技术类
PCG04-后台开发工程师,1,技术类
21309-推荐算法工程师（深圳）,1,技术类
29314-全资公司财务总监（北京）,1,职能类
22989-数据库平台高级工程师（成都/深圳）,9,技术类
TME-全民K歌商业中心后台研发工程师（深圳）,8,技术类
CSIG02-腾讯云图像识别高级产品策划经理（深圳）,1,产品/项目类
CSIG02-腾讯云房地产行业高级运营经理（深圳）,1,产品/项目类
PCG19-腾讯视频推荐算法高级工程师（深圳）,1,技术类
29303-大数据及人工智能专家（深圳）,1,技术类
15605-《一人之下》手游高级关卡策划（深圳）,1,产品/项目类
TME-腾讯音乐娱乐创意营销（深圳）,2,市场类
21882-新媒体医学编辑（内容运营）（北京/深圳）,2,内容编辑类
21882-医疗资讯产品中心-高级视觉设计师（深圳）,1,设计类
29303-C++后台开发工程师（深圳）,1,技术类
21309-企鹅辅导流量运营负责人（用户增长方向）,1,产品/项目类
S2-财经外联与拓展专家（深圳）,1,职能类
CSIG16-车联网商务经理（广州）,1,市场类
WXG03-小程序搜索算法高级研究员,2,技术类
22989-数据库产品经理（北京/成都/深圳）,3,产品/项目类
22989-数据库产品运营（北京/成都/深圳）,1,产品/项目类
29777-智慧企业交付项目经理（上海）,1,产品/项目类
29777-智慧企业交付项目经理（深圳总部）,1,产品/项目类
17229-刺激战场-游戏服务器开发工程师,2,技术类
31504-视频云直播高级业务运维工程师（深圳）,1,技术类
29777-腾讯云智能终端行业架构师（北京/深圳）（深圳总部）,1,技术类
29777-腾讯云智能终端行业架构师（北京/深圳）（北京）,1,技术类
22989-数据库高级工程师（成都/北京/深圳/上海）,4,技术类
CSIG16-POI数据平台研发工程师,3,技术类
WXG10-119 企业微信后台开发工程师（广州）,1,技术类
24548-授权运营专员,1,职能类
CSIG02-泛政府行业高级商业分析师（深圳）,2,市场类
WXG02-122 微信智聆发音评测高级研究员（北京）,1,技术类
28481-医疗大数据高级开发工程师（深圳）,2,技术类
PCG17-厘米秀商务合作经理（深圳）,1,市场类
PCG17-高级产品运营（深圳）,1,产品/项目类
28302-Start云游戏海外高级运营经理,1,产品/项目类
28605-113 微信支付国际化运营开发工程师（深圳）,1,技术类
22989-腾讯云高级Web前端研发工程师,2,技术类
WXG10-119 企业微信PC端开发工程师（广州）,1,技术类
22989-物联网嵌入式高级开发工程师（深圳）,1,技术类
CSIG16-地图数据算法高级研发工程师,1,技术类
21309-在线教育Web前端开发工程师（深圳）,2,技术类
25924-运营开发工程师（上海）,3,技术类
27092-应用宝游戏专区运营（深圳）,1,产品/项目类
29303-大数据及人工智能高级研究员（深圳）,1,技术类
WXG08-122 微信搜索算法工程师PW（广州）,1,技术类
17229-刺激战场-海外项目经理（英语）,1,产品/项目类
TB-投资运营分析师,1, 
25924-游戏内容平台高级运营开发工程师,2,技术类
32271-腾讯视频用户增长数据产品经理,2,产品/项目类
27087-市场营销经理,1,市场类
30359-大数据运营开发工程师,1,技术类
CSIG17- 大数据后台开发专家工程师 ,1,技术类
28600-微信支付商户管理平台web前端高级开发工程师（深圳）,1,技术类
21557-Web前端高级开发工程师（深圳）,1,技术类
15585-移动游戏后台开发工程师(深圳),2,技术类
22989-腾讯云生态产品运营经理 （深圳/北京/上海）,1,产品/项目类
15571-资深3D角色设计师,1,设计类
23671-企鹅号区域内容运营（北京）,2,内容编辑类
23671-投资孵化中心商业分析师（深圳）,1,市场类
23671-腾讯topic基金投资经理（深圳）,1,市场类
TEG03-算法专家（深圳）,1,技术类
23295-互娱PHP开发工程师（深圳）,2,技术类
23674-新闻推荐算法高级工程师,2,技术类
30360-QQ小程序小游戏Android开发工程师（深圳）,1,技术类
30360-UGC产品策划经理（深圳）,1,产品/项目类
22989-中间件高级咨询架构师（北京）,1,技术类
22989-中间件高级咨询架构师（上海）,1,技术类
22989-中间件高级交付工程师（深圳总部）,1,技术类
22989-中间件高级交付工程师（上海）,1,技术类
22989-中间件高级交付工程师（北京）,1,技术类
15712-游戏高级交互设计师（深圳）,3,设计类
27648-影视制作管理,1,产品/项目类
TEG13-运营开发工程师（深圳）,1,技术类
TEG13-质量管理工程师,1,技术类
22989-中间件高级咨询架构师（深圳总部）,1,技术类
PCG14-腾讯态客机器人生态产品经理（深圳）,1,产品/项目类
27092-商业化策略产品经理（深圳）,1,产品/项目类
15616-高级UI设计师,1,设计类
15616-高级动画设计师,1,设计类
15611-游戏后台开发工程师（深圳）,1,技术类
CSIG02-腾讯云行业交付架构师（深圳）,1,技术类
CSIG02-智慧社区产品运营经理（深圳）,1,产品/项目类
27553-腾讯音乐测试开发工程师（深圳）,1,技术类
22989-腾讯云品牌设计组-视觉设计师（深圳）,1,设计类
18428-财付通基础交易开发工程师（深圳）,2,技术类
22989-腾讯云块存储产品经理（深圳）,1,产品/项目类
22989-腾讯云品牌设计组-交互设计师（深圳）,1,设计类
15616-高级原画设计师,1,设计类
TME-创新产品社区产品经理（深圳）,1,产品/项目类
25664-web前端开发高级工程师,2,技术类
25664-政府行业解决方案架构师（北京/广州）（广州）,1,技术类
CSIG16-地图公共交通业务副总监,1,技术类
CS-“科学探索奖”项目经理,1,职能类
CSIG16-商务拓展负责人,1,市场类
CSIG17-高级质量管理工程师（北京/广州）,1,技术类
29777-工业消费品高级产品经理（深圳）,1,产品/项目类
TME-Moo音乐后台开发工程师（深圳）,1,技术类
CSIG17-资深测试工程师（深圳）,1,技术类
31967-WEB开发工作师(PHP/GO 深圳),1,技术类
28297-RPG手游本地化策划,1,产品/项目类
15585-Unreal Engine游戏客户端开发工程师（深圳）,5,技术类
CSIG15-叮当平台自然语言处理研究员（北京）,1,技术类
CSIG08-行业产品经理,1,产品/项目类
PCG19-腾讯视频社区产品经理（深圳）,1,产品/项目类
25664-数据挖掘高级工程师,2,技术类
TME-全民K歌TV端H5研发工程师,1,技术类
25927-先游产品运营组组长,1,产品/项目类
19511-Web前端开发（深圳）,1,技术类
25925-Linux C++后台开发工程师,1,技术类
29303-视觉设计师,1,设计类
25664-数据治理高级工程师,2,技术类
S2-IEG财务管理（深圳）,1,职能类
GY0-【国际业务部】JOOX Andriod开发工程师（深圳）,1,技术类
32271-腾讯视频用户增长策略专家,1,技术类
23872-协同商务经理,1,市场类
14914-品牌合作经理（深圳）,1,市场类
PCG19-腾讯视频移动端产品经理（深圳）,1,产品/项目类
30360-后台平台开发（深圳）,1,技术类
TEG11-搜索后台开发工程师（深圳）,1,技术类
PCG14-商业化策略产品经理（深圳）,1,产品/项目类
19332-高级PHP开发工程师（上海）,3,技术类
15616-高级手游系统策划（上海）,1,产品/项目类
TME-全民K歌安全运营经理（深圳）,2,职能类
TME-腾讯音乐视频效果产品经理（深圳）,1,产品/项目类
22086-腾讯体育产品经理（北京）,1,产品/项目类
21309-深圳市腾讯教育科技有限公司客服专员（武汉）,2,客户服务类
21309-深圳市腾讯教育科技有限公司质检专员（武汉）,2,客户服务类
15583-手游3D角色设计师（深圳）,1,设计类
22989-物联网边缘计算高级产品经理（深圳）,2,产品/项目类
22989-物联网操作系统高级产品经理（深圳）,2,产品/项目类
25666-金融云业务拓展总监（深圳）,1,市场类
25666-金融云业务拓展总监（北京）,1,市场类
21309-深圳市腾讯教育科技有限公司销售主管（武汉）,1,市场类
15616-高级3D角色设计师,1,设计类
15616-高级特效设计师,1,设计类
30360-QQ智能后台开发高级工程师,1,技术类
29925-腾讯视频会员整合营销项目经理,1,市场类
22989-高级网络运维工程师（深圳）,1,技术类
22989-产品定价师,2,产品/项目类
22989-腾讯云中间件技术架构师（深圳总部）,1,技术类
22989-腾讯云中间件技术架构师（北京）,1,技术类
22989-腾讯云中间件技术架构师（上海）,1,技术类
31458-信用卡业务研发工程师,2,技术类
20772-企鹅影视网大制片人（北京）,1,产品/项目类
15614-天刀UI视觉设计师(上海）,1,设计类
15605-资深UE4技术美术(深圳),1,设计类
32269-企鹅影视电视剧制片人（北京）,1,产品/项目类
32269-企鹅影视IP版权商务经理,1,产品/项目类
23486-腾讯财讯原创编辑,1,内容编辑类
14914-高级营销设计师,1,设计类
17229-绝地求生：刺激战场-大型游戏开发项目经理,1,产品/项目类
17229-绝地求生：刺激战场-资深Unreal客户端开发工程师,1,技术类
17229-绝地求生：刺激战场-FPS游戏客户端开发工程师,1,技术类
17229-绝地求生：刺激战场-射击游戏系统策划,2,产品/项目类
26699-智慧零售业务中心项目经理（深圳总部）,1,产品/项目类
25663-泛互联网售中架构师（上海）,1,技术类
29313-PCG财务分析经理（深圳）,1,职能类
22989-大数据后台开发工程师,1,技术类
22989-大数据前端开发工程师,1,技术类
BOD-Company Secretarial Professionals,1,职能类
18402-MMO手游平台渠道运营,1,产品/项目类
25928-G6后台开发工程师,2,技术类
25928-G6后台开发高级工程师,2,技术类
29912-推荐算法工程师,1,技术类
29499-腾讯影业业务管理经理,1,职能类
25663-泛互联网售中架构师（深圳总部）,1,技术类
22989-计算产品中心Web前端高级工程师,1,技术类
22989-物联网安全高级开发工程师,4,技术类
22989-边缘计算高级开发工程师,4,技术类
22989-PHP后台高级开发工程师（深圳）,2,技术类
TME-Moo音乐视频运营编辑（深圳）,1,内容编辑类
TME-Moo音乐内容专题编辑（深圳）,2,内容编辑类
TME-Moo音乐视觉设计（深圳）,1,设计类
25923-CodeCC高级后台开发工程师,1,技术类
21309-深圳市腾讯教育科技有限公司课程顾问（武汉）,6,市场类
19332-高级Web后台开发工程师(上海),3,技术类
25663-泛互联网售中架构师（北京）,1,技术类
CSIG02-腾讯云行业方案架构师（北京/上海/深圳/成都）,2,技术类
GY0-【国际业务部】JOOX Web开发工程师（深圳）,1,技术类
TME-QQ音乐社交平台产品策划,1,产品/项目类
PCG09-信息流算法平台项目经理,1,产品/项目类
22989-大数据产品经理,1,产品/项目类
22989-大数据和人工智能高级开发工程师（北京）,1,技术类
TEG02-网络运营开发工程师,2,技术类
WXG02-116 微信后台测试开发工程师（广州）,1,技术类
WXG02-116 微信后台测试开发工程师（广州）,1,技术类
15571-FPS手游服务器开发工程师,4,技术类
PCG09-信息流项目管理,1,产品/项目类
TEG02-Web前端开发工程师,2,技术类
18425-海外钱包商户产品经理,1,产品/项目类
26699-智慧零售高级产品策划,1,产品/项目类
26699-智慧零售业务中心前端开发（深圳总部）,2,技术类
26699-智慧零售业务中心前端开发（成都）,1,技术类
25923-Python高级工程师,1,技术类
25663-泛文娱行业解决方案专家（深圳总部）,1,技术类
25663-泛文娱行业解决方案专家（北京）,1,技术类
25663-泛互联网行业解决方案专家（深圳总部）,1,技术类
26699-智慧零售业务中心前端开发（上海）,1,技术类
25666-运营商销售经理,1,市场类
22989-高级人工智能后台研发（上海/深圳）,2,技术类
22989-人工智能Web前端开发工程师（上海/深圳）,2,技术类
22989-人工智能产品经理（深圳）,2,产品/项目类
TEG09-运营规划经理(深圳),2,技术类
25923-Java高级工程师（深圳）,2,技术类
TME-全民K歌iOS开发工程师（深圳）,6,技术类
30623-腾讯广告联盟广告高级产品经理-SSP方向（上海）,1,产品/项目类
30633-腾讯广告前端UI工程师（深圳）,1,设计类
29910-营销创意策划,2,设计类
CSIG16-腾讯地图底图后台开发,1,技术类
TEG11-自然语言处理研究员(北京),1,技术类
PCG17-QQ厘米秀引擎开发高级工程师（深圳）,1,技术类
25666-腾讯云华北区域销售(北京、雄安、天津、山西、河北）,2,市场类
22989-高级AI后台开发工程师（上海/深圳）,2,技术类
WXG08-111 微信搜索推荐高级数据分析工程师（北京）,1,技术类
21527-腾讯音乐PeopleSoft开发工程师(深圳),1,技术类
30934-海外游戏产品策划高级经理 ,1,产品/项目类
30934-(Japan) Public Relations and Promotion manager ,1,市场类
29314-CSIG财务管理总监（深圳）,1, 
25923-游戏高级技术运营工程师,1,技术类
TEG14-高级业务运维工程师（深圳）,2,技术类
SH-政府事务经理,2,职能类
21529-QQ音乐法务（深圳）,1,职能类
21529-政府事务专家,2,职能类
30359-增长工具高级数据分析师,2,技术类
25666-腾讯云华东区域解决方案支持,1,技术类
TA-T+平台培训经理（深圳）,1,职能类
30621-腾讯社交广告渠道和市场运营经理(新闻视频广告 深圳）,2,产品/项目类
27192-互娱市场与用户研究经理（上海）,1,市场类
30621-腾讯社交广告效果广告运营经理（新闻视频广告 深圳）,1,产品/项目类
21528-媒介传播经理（海外/财经媒体方向）,1, 
25663-泛互联网行业解决方案专家（北京）,1,技术类
25663-泛互联网行业解决方案专家（上海）,1,技术类
30621-腾讯社交广告品牌广告运营经理（新闻视频广告 深圳）,1,产品/项目类
30360-QQ会员-Web前端开发工程师,3,技术类
25663-泛互联网行业高级产品经理(北/上/深）（北京）,1,产品/项目类
25663-泛互联网行业高级产品经理(北/上/深）（上海）,1,产品/项目类
28607-122 微信支付高级金融风控数据挖掘工程师（深圳）,1,技术类
25928-云游戏高级客户端技术开发工程师,1,技术类
25928-云游戏后台高级开发工程师,1,技术类
30359-C++高级后台开发工程师（深圳）,3,技术类
25663-泛互联网行业高级产品经理(北/上/深）（深圳总部）,1,产品/项目类
PCG14-高级品质工程师（深圳）,1,技术类
26381-政务业务高级前端工程师（北京）,1,技术类
30359-灯塔web前端高级开发工程师,1,技术类
17759-腾讯视频商业分析师（北京）,1,市场类
26787-政府关系及行业合作经理（游戏） ,2,市场类
21528-版权商务-日语,1,市场类
TEG14-运营开发工程师（深圳）,3,技术类
CSIG02-腾讯云解决方案架构师（成都）,1,技术类
GY0-【国际业务部】Business Development Manager - TSA (Korea) ,1,市场类
GY0-【国际业务部】Business Development Manager - Cloud (Hong Kong）,3,市场类
PCG10-高级产品经理（海外浏览器核心功能迭代方向）,1,产品/项目类
WXG-培训专家（广州）,1,职能类
25668-腾讯云泛政行业高级市场经理（深圳）,1,市场类
23486-前端开发组长,1,技术类
18302-国际IP新手游后台高级开发工程师（深圳）,1,技术类
26381-腾讯云高级项目经理（北京）,1,产品/项目类
28994-区块链中台(高级)开发工程师,1,技术类
22989-腾讯云存储产品运营经理,3,产品/项目类
PCG04-腾讯体育后台测试开发工程师（北京）,1,技术类
18302- 国际IP新手游-客户端资深开发工程师,3,技术类
18302-国际IP新手游-UE4引擎开发工程师,1,技术类
PCG09-信息流社区产品经理（北京）,1,产品/项目类
7660-腾讯广告风控系统产品经理（北京）,1,产品/项目类
30628-腾讯广告算法工程师（研发中心-深圳/北京）,1,技术类
29311-腾讯在线教育品牌经理（深圳）,1,市场类
PCG04-短视频AI评测工程师（深圳总部）,1,技术类
30361-创新产品ios开发工程师,1,技术类
CSIG02-腾讯云教育行业高级产品经理（课程）,1,产品/项目类
30360-QQ会员-IOS开发工程师（深圳）,2,技术类
28600-微信支付服务产品经理（深圳）,1,产品/项目类
28600-微信支付高级服务运营经理（深圳）,1,技术类
23671-短视频产品运营(深圳),2,产品/项目类
22989-腾讯云培训认证leader（深圳）,1,产品/项目类
32032-高级游戏美术特效（上海）,1,设计类
22989-腾讯云域名产品WEB开发工程师,2,技术类
18428-腾讯金融业务高级研发工程师(深圳),2,技术类
TEG14-web前端高级开发工程师（深圳）,1,技术类
TEG14-高级产品经理,2,产品/项目类
27092-商业化运营经理（北京）,1,产品/项目类
27092-高级营销策划经理（北京）,1,市场类
TEG05-高级运营开发工程师（深圳）,1,技术类
IEG-HRBP（深圳）,3,职能类
30623-腾讯广告联盟后台功能策略开发高级工程师（北京）,1,技术类
30359-容器云后台开发工程师（深圳）,3,技术类
18302-国际IP新手游-高级战斗策划,1,产品/项目类
CSIG02-腾讯云行业方案架构师（上海）,1,技术类
21557-解决方案高级行业产品经理,1,产品/项目类
18302-国际IP新手游-高级3D场景模型师,1,设计类
18302-国际IP新手游-UE4高级3D特效师,1,设计类
18302-国际IP新手游-高级关卡策划,1,产品/项目类
18302-国际IP新手游-高级3D角色模型师,2,设计类
18302-国际IP新手游-高级3D动画师,2,设计类
18302-国际IP新手游-资深角色原画设计师,1,设计类
PCG04-短视频AI评测工程师（北京）,1,技术类
15570-端游3D动作设计师,1,设计类
30359-深度学习系统后台开发高级工程师（深圳）,2,技术类
CSIG02-腾讯云教育行业方案架构师（成都）,1,技术类
PCG04-腾讯新闻后台测试开发工程师（北京）,1,技术类
TME-内容推荐策略高级产品经理,1,产品/项目类
TME-全民k歌海外产品经理,1,产品/项目类
TEG11-推荐系统算法研发工程师（北京）,1,技术类
TEG11-游戏AI高级产品经理（深圳）,1,产品/项目类
TME-全民k歌海外用户增长产品策略经理,1,产品/项目类
15569-魂斗罗手游后台开发工程师（深圳）,1,技术类
27216-视觉设计师,1,设计类
18428-高级支付后台开发工程师 ,2,技术类
14137-WXG财务管理（广州）,1,职能类
TEG11-游戏AI高级算法研究员（深圳）,2,技术类
TEG11-游戏AI高级系统工程师(深圳）,2,技术类
23516-业务流程管理（深圳）,1,产品/项目类
PCG22-用户增长专家,1,市场类
26563-后台开发高级工程师（深圳）,1,技术类
29476-制片经理,1,产品/项目类
21530-腾讯音乐集团组织发展高级经理,1,职能类
29777-金融云银行行业业务架构师,2,技术类
CSIG17-LBS产品能力技术评价负责人,1,技术类
27566-互动小说游戏资深运营（深圳）,1,产品/项目类
25814-策略分析师,1,市场类
22989-小程序云开发WEB前端开发工程师（nodeJs）（深圳）,2,技术类
25925-心悦俱乐部内容运营,2,产品/项目类
21530-腾讯音乐招聘专员（深圳）,1,职能类
26563-后台开发工程师(深圳）,1,技术类
23671-短视频统筹制片人,2,产品/项目类
23671-小视频内容合作管理,2,产品/项目类
25814-数据研发高级工程师,1,技术类
30620-腾讯广告本地生活行业运营经理（微信广告 深圳）,1,产品/项目类
WXG10-321 企业微信商务推广经理（上海-政府）,1,市场类
WXG10-321 企业微信商务推广经理（上海-政府）,1,市场类
TEG09-协议栈优化高级工程师,1,技术类
CSIG16-腾讯地图自然语言处理工程师 ,1,技术类
CSIG16-腾讯地图搜索高级算法工程师 ,1,技术类
CSIG16-腾讯地图高级策略产品经理,2,产品/项目类
TEG05-扫描器后台开发工程师（深圳）,1,技术类
31499-高级项目经理（深圳）,1,产品/项目类
27552-腾讯音乐高级投资分析师（深圳总部）,1, 
30361-WEB前端工程师(北京),1,技术类
S2-IBG财务管理经理（深圳）,1,职能类
S2-高级测试工程师（深圳）,1,技术类
27092-商业化iOS高级开发工程师（深圳）,2,技术类
CSIG17-车联网高级硬件测试架构师,1,技术类
TME-QQ音乐/全民k歌搜索算法高级工程师（深圳）,2,技术类
15612-卡牌游戏文学策划(深圳）,1,产品/项目类
PCG09-平台产品运营（北京）,1,产品/项目类
18302-动作游戏引擎工程师（深圳）,2,技术类
18302-游戏程序化生成 TA,1,技术类
TEG09-CDN高级后台开发工程师,3,技术类
TEG09-云存储高级研发工程师（深圳总部）,3,技术类
TEG09-云存储高级研发工程师（北京）,2,技术类
21309-PC客户端开发工程师,1,技术类
20772-自制节目视觉管理（北京）,1,设计类
CSIG15-叮当语音合成后台高级工程师,1,技术类
27552-腾讯音乐高级投资分析师（北京）,1, 
27552-腾讯音乐高级投资经理（深圳总部）,1, 
18432-金融合作商务经理,1,市场类
PCG16-波洞星球产品经理,1,产品/项目类
30360-QQ小程序小游戏iOS开发工程师（深圳）,1,技术类
29911-移动端交互设计师,1,设计类
25926-高级游戏客户端安全工程师（深圳）,1,技术类
TEG17-语音识别/合成研究员（北京）,1,技术类
TEG17-语音识别/合成研究员（深圳）,1,技术类
TEG09-CDN高级后台开发工程师,2,技术类
TEG09-IoT研发工程师,1,技术类
17759-腾讯视频内容用户运营（成都）,2,内容编辑类
18924-福利文化专员/经理,1,职能类
WXG10-221 企业微信产品策划经理（广州）,1,产品/项目类
CSIG17-高级质量管理工程师（北京/广州）,1,技术类
28481-智慧医院-高级产品经理（深圳） ,2,产品/项目类
27560-游戏策划（深圳）,1,产品/项目类
21090-运营策划（深圳）,1,产品/项目类
25924-机器学习高级研究员（深圳）,2,技术类
TEG13-小语种机器翻译算法工程师 （北京）,1,技术类
18435-项目合规管理岗,1,技术类
TEG12-数据中心经理（北京）,2,技术类
TEG17-深度学习研究员（深圳）,2,技术类
TEG13-舆情洞察数据产品经理（深圳）,2,产品/项目类
14914-云产品公关经理（深圳）,1, 
22989-高级大数据研发工程师（深圳/北京/上海/成都）,2,技术类
27092-后台开发专家（深圳）,1,技术类
PCG04-数据科学家（深圳）,2,技术类
25422-堡垒之夜活动/商业化运营(深圳),1,产品/项目类
25422-堡垒之夜本地化与版本管理,1,产品/项目类
29569-用户运营产品经理（渠道方向）,1,产品/项目类
30621-腾讯社交广告产品策划经理（新闻视频广告 上海）,2,产品/项目类
CSIG02-医疗行业高级产品经理（北京）,1,产品/项目类
TZ-网站编辑,1,内容编辑类
ZNB-高级专家助理,1,职能类
22850-腾讯视频VIP后台开发工程师(深圳),1,技术类
31967-企鹅电竞游戏直播运营经理（深圳）,2,产品/项目类
31967-企鹅电竞游戏直播运营经理（北京）,2,产品/项目类
TME-MOO音乐产品策划（深圳）,1,产品/项目类
25923-golang运营开发工程师,1,技术类
25923-王者荣耀技术运营工程师（深圳）,1,技术类
21528-版权商务（词曲）,1,市场类
17229-手游客户端开发工程师（深圳）,1,技术类
PCG09-信息流垂类运营（体育）,1,产品/项目类
21528-品牌传播经理（深圳总部）,1, 
21528-品牌传播经理（北京）,1, 
21528-媒介传播经理（党媒央媒）,1, 
23295-互娱内容平台产品经理（深圳）,1,产品/项目类
22090-天天快报-高级研发工程师（北京）,1,技术类
TEG11-搜索后台开发工程师（深圳）,1,技术类
PCG14-AI产品内容运营（深圳）,1,产品/项目类
25928-游戏后台开发工程师,1,技术类
25928-游戏客户端开发高级工程师（上海）,1,技术类
25928-游戏客户端开发高级工程师（深圳/上海）,5,技术类
23295-互娱市场商业分析经理,1,市场类
23295-互娱市场资源管理经理,1,市场类
22989-物联网开发平台高级产品策划经理,2,产品/项目类
29314-CSIG财务管理经理（深圳）,2,职能类
TME-电台节目高级运营经理,1,内容编辑类
25925-小悦产品研发工程师（深圳）,1,技术类
TME-腾讯音乐安全策略总监/专家,1,职能类
22989-自然语言处理平台高级工程师,1,技术类
22989-AI语义产品经理,3,产品/项目类
30625-腾讯广告KA电商行业数据运营经理,1,产品/项目类
31504-云服务高级项目经理（深圳）,1,产品/项目类
25663-腾讯云国际化业务后台开发(深圳）,5,技术类
25663-腾讯云国际化业务web前端开发（深圳）,2,技术类
31967-企鹅电竞高级数据产品经理,1,产品/项目类
WXG10-152 企业微信专项测试工程师（广州）,1,技术类
PCG14-算法工程开发工程师（深圳）,1,技术类
PCG14-算法工程开发工程师（深圳）,1,技术类
22989-腾讯云云服务器高级产品经理（深圳）,1,产品/项目类
27553-腾讯音乐Web前端开发工程师（深圳）,2,技术类
25928-游戏美术师(上海),1,设计类
TME-QQ音乐社交Web前端工程师（深圳）,2,技术类
25666-融合媒体行业销售Leader(北京/深圳)（深圳总部）,1,市场类
TME-QQ音乐社交后台开发工程师（深圳）,1,技术类
WXG01-111 微信数据分析师（广州）,2,技术类
30622-腾讯广告Q系流量策略产品经理（深圳）,1,产品/项目类
TME-QQ音乐社交IOS开发工程师（深圳）,2,技术类
TEG13-安全产品经理（深圳）,1,产品/项目类
HY6-互娱视觉设计师,1,设计类
29911-多媒体视觉设计师,1,设计类
20503-AI应用Linux后台研发工程师（深圳）,2,技术类
18425-支付后台开发高级工程师,1,技术类
S2-TEG财务分析经理（深圳）,1,职能类
PCG04-外包管理员（深圳）,1,产品/项目类
29912-微视-移动端开发iOS,1,技术类
18425-支付测试开发工程师（深圳）,1,技术类
21309-腾讯课堂-广告流量运营高级经理,1,产品/项目类
25928-虚拟人研究高级工程师,3,技术类
14914-微视公关经理（深圳）,1, 
TEG02-光网络控制系统高级研发工程师（深圳总部）,2,技术类
TEG02-光网络控制系统高级研发工程师（北京）,1,技术类
TME-全民K歌直播产品策划,2,产品/项目类
25928-计算机图形/视觉/动画高级算法工程师（美国）,2,技术类
TME-全民K歌营收产品策划,1,产品/项目类
TEG13-安全策略后台开发工程师（深圳）,1,技术类
22989-腾讯云物联网前端研发(高级)工程师(深圳),2,技术类
22989-腾讯云物联网后台研发（高级）工程师（上海）,1,技术类
30625-腾讯广告生态合作运营经理（北京）,1,产品/项目类
22989-物联网高级产品运营经理（深圳）,1,产品/项目类
TEG09-异构计算专家工程师,4,技术类
TEG09-机器学习平台专家工程师 ,1,技术类
30625-腾讯广告平台销售经理（大客户和生态组）,1,市场类
27192-互娱游戏社区产品运营经理,1,产品/项目类
23295-互娱游戏营销算法工程师,1,技术类
23295-互娱社区后台开发工程师（深圳）,1,技术类
23292-互娱概念美术指导,1,设计类
HY6-互娱市场推广经理（内容营销方向）,1,市场类
25928-音频策划,1,产品/项目类
25927-toB高级产品经理（上海）,2,产品/项目类
30628-腾讯广告投放平台PHP开发工程师（上海）,1,技术类
CSIG15-高级商业分析师,1,市场类
30628-腾讯广告业务运维高级工程师,1,技术类
32032-高级机器学习工程师,1,技术类
TEG02-SDN开发工程师（深圳总部）,2,技术类
TEG02-SDN开发工程师（北京）,1,技术类
TB-投资经理（香港）,1, 
18302-剑灵IP手游本地化资深3D场景设计师（深圳）,1,设计类
25667-腾讯云服务合作伙伴高级运营经理（深圳）,1,市场类
22989-腾讯云存储产品售前架构师（深圳/北京/上海）,3,技术类
TME-腾讯音乐测试开发组长（深圳）,1,技术类
TME-全民K歌国际版高级测试工程师（深圳）,1,技术类
PCG20-PCG办公室深圳行政组leader,1,职能类
CSIG02-智慧校园产品运营经理(北京),1,产品/项目类
18436-金融数据分析师,1,技术类
18432-境外商务拓展经理,1,市场类
27092-高级前端广告工程师（深圳）,1,技术类
WXG03-122 小程序搜索算法工程师（广州）,2,技术类
28302-Start云游戏后台高级开发工程师 ,1,技术类
28302-Start云游戏windows平台高级开发工程师 ,1,技术类
28302-Start云游戏Mac/iOS高级开发工程师 ,1,技术类
30620-腾讯社交广告公众号广告流量运营经理（微信广告 深圳）,1,产品/项目类
PCG20-高管秘书（深圳）,1,职能类
14914-市场助理总经理,1,市场类
CS-“科学探索奖”项目总监,1,职能类
PCG04-IOS/Android终端开发工程师（深圳）,3,技术类
25928-高级Java后台开发工程师（深圳）,1,技术类
PCG20-行政运营经理（深圳）,1,职能类
PCG20-行政运营经理（深圳）,1,职能类
TME-腾讯音乐音质音效高级测试工程师（深圳）,1,技术类
22851-腾讯视频电影频道运营（天津）,1,内容编辑类
15569-魂斗罗手游世界观策划（深圳）,1,产品/项目类
15582-商业分析经理（深圳）,1,市场类
25663-腾讯云国际业务产品策划经理（深圳）,2,产品/项目类
WXG03-微信小程序&公众号计算机视觉高级研究员,1,技术类
30620-腾讯广告投放平台产品经理（微信广告 深圳）,1,产品/项目类
22086-腾讯体育高级后台开发工程师（北京）,1,技术类
22989-腾讯云Spark高级工程师（深圳）,1,技术类
25928-交互设计师,1,设计类
PCG04-后台开发工程师（深圳）,1,技术类
31506-知识图谱前端开发工程师,1,技术类
PCG14-计算机视觉/图像识别工程师（深圳）,1,技术类
PCG14-计算机视觉/图像识别工程师（深圳）,1,技术类
25667-渠道销售经理（深圳）,1,市场类
25928-前端测试开发工程师（深圳）,1,技术类
28481-健康保险行业合作高级经理（深圳）,1,市场类
28481-医药行业合作高级经理（深圳）,1,市场类
28481-医疗健康UI开发工程师(深圳),1,设计类
25928-高级语音算法工程师（上海）,1,技术类
TME-全民K歌项目经理（深圳）,1,产品/项目类
PCG20-高管秘书（深圳）,1,职能类
22989-高级产品运营经理,2,产品/项目类
CSIG16-车联网系统工程师（自研基础产品运维负责人）（上海）,1,技术类
TME-QQ音乐平台产品策划,1,产品/项目类
25928-游戏AI研究高级算法工程师（美国）,2,技术类
22989-高级大数据研发工程师（深圳/北京/上海/成都）,2,技术类
PCG15-互动视频超级用户产品运营经理,1,产品/项目类
PCG15-海外直播运营经理,2,产品/项目类
PCG15-海外渠道运营推广经理,1,市场类
WXG11--115微信读书界面开发工程师,1,技术类
25928-高级图形开发工程师（深圳总部）,3,技术类
25928-高级图形开发工程师（上海）,3,技术类
CSIG16-车联网IT运维经理（上海）,1,技术类
CSIG16-车联网产品运营经理（上海）,1,产品/项目类
CSIG16-车联网运营项目经理（上海）,1,产品/项目类
15575-《王者荣耀》图形渲染开发工程师（成都）,2,技术类
15569-魂斗罗手游高级系统策划（深圳）,1,产品/项目类
15569-魂斗罗手游高级数值策划（深圳）,1,产品/项目类
24548-综艺商业制片人,1,产品/项目类
CSIG16-车联网架构师（深圳）,1,技术类
16078-金融行业商务拓展经理（北京）,1,市场类
PCG19-腾讯视频app交互设计师,1,设计类
PCG04-腾讯PCG研发部架构师（深圳）,1,技术类
21557-音视频实验室高级产品经理,1,产品/项目类
CSIG15-自然语言处理工程师（北京）,1,技术类
30359-存储后台开发高级工程师,1,技术类
HY-游戏发行/运营培训生（深圳）,1,产品/项目类
WXG09-321 高级商务经理,1,市场类
16810-动漫版权商业化经理 ,1,市场类
29300-动漫商务拓展经理,1,市场类
CSIG17-测试leader,1,技术类
22989-腾讯云容器技术高级工程师（北京）,1,技术类
30359-存储运营开发高级工程师,1,技术类
25927-大数据后台开发高级工程师,1,技术类
30359-数据挖掘高级工程师,1,技术类
22989-腾讯云-区域交付leader（上海）,1,技术类
25664-政府行业技术平台架构师,1,技术类
25664-政务应用架构师（深圳）,3,技术类
PCG16-信息流游戏策略产品经理,2,产品/项目类
31504-腾讯云大客户售后高级技术顾问（深圳/北京/上海/成都）,1,技术类
22989-腾讯云云开发高级项目管理,1,产品/项目类
22989-腾讯云中间件高级项目经理（深圳）,1,产品/项目类
PCG19-大数据开发工程师,3,技术类
27730-yoo有视频UI设计师（深圳）,1,设计类
WXG04-143 小游戏后台安全策略工程师(深圳),1,技术类
PCG10-搜索引擎研发总监,1,技术类
PCG14-应用宝商业化后台开发（深圳）,1,技术类
25928-Unreal客户端开发工程师 (深圳)  ,1,技术类
29569-金融APP产品策划经理,1,产品/项目类
SD3-PUBG MOBILE 高级客户端开发工程师(深圳),2,技术类
SD3-PUBG MOBILE 高级UE4地形编辑(深圳),2,设计类
PCG19-腾讯视频Android开发工程师（深圳）,1,技术类
TEG02-DCN系统设计师,1,技术类
TEG02-NFV网络研发工程师,1,技术类
TEG02-FPGA研发工程师,1,技术类
SD3-PUBG MOBILE 高级商业化策划(深圳),1,产品/项目类
SD3-PUBG MOBILE 高级玩法策划(深圳),1,产品/项目类
15616-高级手游系统策划（上海）,1,产品/项目类
19407-日语运营策划（上海）,1,产品/项目类
30359-Java后台高级开发工程师,2,技术类
30359-Java后台开发工程师,1,技术类
GY0-【国际业务部】后台开发工程师（海外云产品）（深圳）,1,技术类
WXG03-小程序搜索架构工程师（广州）,2,技术类
22989-大数据AI综合应用后台开发工程师,1,技术类
29777-腾讯云企业业务高级运营经理（深圳）,1,产品/项目类
18434-UI视觉设计师（深圳）,1,设计类
WXG01-115 微信Web前端开发（广州）,2,技术类
18425-支付资金管理产品经理,1,产品/项目类
22989-物联网前端高级工程师,5,技术类
PCG11-区域大网总裁（福州）,1,内容编辑类
PCG11-区域大网总裁（福州）,1,内容编辑类
WXG03-小游戏引擎客户端开发(广州）,2,技术类
WXG03-115 小游戏引擎工具链开发（广州）,2,技术类
WXG03-小程序终端系统开发（广州）,2,技术类
TEG06-应用开发高级工程师（深圳）,1,技术类
CSIG16-车联网后台开发工程师（深圳）,1,技术类
27020-全栈云工程师（深圳）,1,技术类
26832-招聘专员,1,职能类
15581-欢乐麻将Unity开发工程师（深圳）,1,技术类
25926-游戏安全产品经理（深圳）,1,产品/项目类
WXG03-122 小程序搜索算法研究员（广州）,1,技术类
25925-Linux C++后台开发工程师,1,技术类
PCG19-腾讯视频app视觉设计师,1,设计类
PCG19-腾讯视频iOS开发工程师（深圳）,1,技术类
PCG19-腾讯视频数据挖掘高级工程师（深圳）,1,技术类
TME-Moo音乐iOS开发工程师（深圳）,3,技术类
25927-英雄联盟测试经理（深圳）,1,技术类
PCG15-互动视频产品策划经理（深圳）,1,产品/项目类
31967-企鹅电竞系统测试工程师,1,技术类
WXG03-113 小程序&小游戏基础后台开发（广州）,2,技术类
WXG03-115 小程序&小游戏基础前端开发（广州）,2,技术类
15569-游戏引擎高级研发工程师（深圳）,1,技术类
18434-品牌策划经理 (深圳),1,市场类
TME-Moo音乐Android开发工程师（深圳）,2,技术类
TME-QQ音乐商业化后台开发工程师（深圳）,2,技术类
25667-金融行业渠道销售,1,市场类
27570-高级引擎工程师,2,技术类
PCG19-腾讯视频app交互设计师,1,设计类
CSIG08-web前端开发工程师（广州）,1,技术类
25924-大数据平台开发工程师（深圳）,2,技术类
30359-C/C++高级后台开发工程师,1,技术类
PCG10-腾讯文件云服务后台开发工程师,1,技术类
WH-企业文化专家（深圳）,1,职能类
26563-后台开发工程师(深圳）,1,技术类
19835-腾讯影业高级商务经理,2,市场类
23674-腾讯新闻高级产品经理,1,产品/项目类
23295-腾讯电竞品牌经理（深圳）,1,市场类
22989-腾讯云计费平台高级产品经理(深圳),2,产品/项目类
31967-企鹅电竞ios开发工程师,1,技术类
27566-互动叙事合辑高级运营经理(深圳）,1,产品/项目类
25923-后台开发工程师（深圳）,1,技术类
25923-数据库工程师(DBA)（深圳）,1,技术类
CSIG15-数据挖掘工程师,1,技术类
PCG19-腾讯视频数据产品经理（深圳）,1,产品/项目类
PCG20-部门秘书（北京）,1,职能类
31967-直播主播合作运营,1,产品/项目类
31967-企鹅电竞客户端开发工程师,1,技术类
CSIG07-安全大数据规划架构师,1,技术类
23486-证券业务C++后台开发高级工程师（深圳）,1,技术类
23486-证券产品前端开发,2,技术类
22989-腾讯云容器高级工程师（深圳）,2,技术类
GY0-【国际业务部】Senior Content Editor(Indonesia),1,内容编辑类
20503-医疗影像研究员,1,技术类
S2-金融审计经理（深圳）,1,职能类
15618-游戏客户端开发工程师（上海）,2,技术类
27564-移动游戏运营开发工程师,1,技术类
27564-移动游戏运营开发工程师,1,技术类
22989-腾讯云数据平台产品中心WEB前端开发,2,技术类
22989-腾讯云平台型高级产品经理（运营产品中心）,1,产品/项目类
22989-腾讯云计费产品中心Leader/计费专家,1,产品/项目类
28481-交付运维工程师（深圳）,1,技术类
30933-游戏技术美术TA（深圳）,1,设计类
30360-windows客户端应用开发,2,技术类
30360-社交平台Android开发工程师（深圳）,1,技术类
15612-3D角色设计师（深圳）,1,设计类
15612-手游3D特效设计师（深圳）,1,设计类
TME-全民K歌国际版曲库运营（马来/印尼/泰国/菲律宾方向）,2,内容编辑类
TME-全民K歌国际版曲库运营（印度方向）,1,内容编辑类
25663-腾讯云泛互联网后台开发高级工程师,1,技术类
PCG15-互动视频C++/C/Java后台开发工程师（深圳）,1,技术类
PCG09-浏览器信息流项目经理,1,产品/项目类
30361-阅读及电台类产品后台开发,1,技术类
PCG09-Android 客户端开发工程师（深圳）,2,技术类
PCG09-商业分析师（北京）,1,市场类
31109-HRBP(深圳）,2,职能类
30625-腾讯广告KA金融行业销售经理（北京）,1,市场类
WXG07-412 广研交互设计师（广州）,1,设计类
29300-Web前端开发工程师,1,技术类
TME-QQ音乐创新平台Android开发工程师（深圳）,1,技术类
27553-腾讯音乐用户研究经理（深圳）,1,设计类
30933-2D场景设计师（深圳）,1,设计类
30360-QQ空间独立版产品策划经理（深圳）,1,产品/项目类
25924-移动客户端高级开发工程师,1,技术类
WXG10-153 企业微信质量管理QA（广州）,1,技术类
WXG10-212 企业微信应用市场产品策划（广州）,1,产品/项目类
WXG10-211 企业微信应用市场产品运营（广州）,1,产品/项目类
WXG10-117 Foxmail Mac开发工程师（广州）,1,技术类
WXG10-119 Foxmail Windows开发工程师（广州）,1,技术类
28994-虚拟银行区块链产品经理,1,产品/项目类
CSIG08-IOS开发工程师（腾讯WiFi管家）,1,技术类
PCG04-安全测试专家（后台服务/客户端）,1,技术类
29777-腾讯云交通行业高级产品经理（深圳）,3,产品/项目类
29311-CSIG-医疗健康高级品牌经理（深圳）,1,市场类
28603-114 微信支付商户基础开发工程师（深圳）,1,技术类
16810-腾讯动漫产品策划经理（深圳）,1,产品/项目类
15581-欢乐麻将运营策划（深圳）,1,产品/项目类
25928-GCloud平台高级产品经理（深圳）,1,产品/项目类
25928-GCloud游戏云平台高级架构师（深圳）,1,技术类
PCG04-音视频测试开发（深圳）,1,技术类
14914-社交网络事业群公关经理（深圳）,1, 
TME-全民K歌在线歌房运营（深圳）,2,产品/项目类
TME-全民K歌直播活动运营（深圳）,1,产品/项目类
TME-腾讯音乐音频机器学习算法工程师（深圳）,1,技术类
30360-QQ空间平台流量产品策划经理,1,产品/项目类
30360-QQ空间短视频产品策划经理,1,产品/项目类
30360-手Q-iOS开发工程师（深圳）,1,技术类
30632-腾讯广告数据营销顾问（上海）,1,市场类
WXG10-212 企业微信私有化版产品策划经理（广州）,1,产品/项目类
31967-企鹅电竞视觉设计师,1,设计类
PCG09-信息流产品垂类高级产品运营经理（ACG品类）,1,产品/项目类
25666-腾讯云华东区域销售（上海/安徽）（上海）,1,市场类
25666-腾讯云华东区域销售（上海/安徽）（合肥）,1,市场类
WXG07-152 QQ邮箱专项技术测试（广州）,1,技术类
31967-游戏直播数据分析经理,1,技术类
28994-腾讯区块链电子发票产品经理(深圳),1,产品/项目类
28994-区块链应用（高级）开发工程师（深圳）,1,技术类
15581-游戏后台开发（深圳）,2,技术类
PCG15-直播内容运营经理（深圳）,1,内容编辑类
TME-音乐品质提升算法工程师（深圳）,1,技术类
23675-腾讯新闻极速版-推荐算法高级工程师,4,技术类
CSIG15-自然语言研究员,1,技术类
CSIG15-自然语言处理工程师,1,技术类
CSIG15-自然语言处理研究员（北京）,1,技术类
CSIG15-自然语言处理研究员（成都）,1,技术类
S2-结算分析师,1,职能类
30625-腾讯广告KA网服销售经理（北京）,1,市场类
25928-GCloud游戏云平台高级技术PM,3,产品/项目类
18302-新动作手游高级文学策划（深圳）,1,产品/项目类
25668-腾讯云市场高级商务拓展经理（深圳）,1,市场类
31967-企鹅电竞Android开发工程师,1,技术类
31967-企鹅电竞iOS开发工程师,1,技术类
31967-企鹅电竞交互设计师,1,设计类
TME-音乐分析及搜索算法工程师（深圳）,1,技术类
TME-音乐推荐及自动标签算法工程师（深圳）,1,技术类
TME-歌声算法工程师（深圳）,1,技术类
25663-游戏服务平台后台开发高级工程师（深圳）,2,技术类
31967-企鹅电竞后台开发工程师（深圳）,1,技术类
31967-企鹅电竞高级后台开发工程师（深圳）,1,技术类
26563-腾讯互娱经营分析经理,1,市场类
15602-高级UnrealEngine技术美术（深圳）,1,设计类
15602-妖尾手游3D动作设计师（深圳）,1,设计类
TEG06-云计算网络工程师（深圳）,2,技术类
WXG10-321 企业微信商务推广经理（广州-ISV）,1,市场类
31871-服务器策略采购专家 ,2,职能类
TME-音兔iOS开发工程师,2,技术类
HGJ-senior legal counsel（AM）,1,职能类
30933-海外高级运营经理（深圳）,1,产品/项目类
18302-动作类资深3D关卡设计师（深圳）,1,设计类
18302-动作类手游资深TA（深圳）,1,设计类
18302-动作类手游资深3D特效设计师（深圳）,1,设计类
28604-114 微信支付商户应用开发工程师（深圳）,1,技术类
25664-公检法行业解决方案架构师(深圳）,4,技术类
30360-QQ小程序-Web前端开发工程师,2,技术类
28297-Roblox海外技术PM,1,产品/项目类
31967-直播合作项目经理,1,产品/项目类
31967-企鹅电竞Web前端/UI开发工程师,1,技术类
31967-企鹅电竞高级产品策划经理,1,产品/项目类
26699-智慧零售商业产品经理,1,产品/项目类
31506-云安全重大项目交付架构师（深圳）,1,产品/项目类
TME-全民K歌平台产品后台工程师,7,技术类
18302-LBS品牌视觉设计师,1,设计类
18302-UE4大世界ARPG手游资深TA（深圳）,1,设计类
25927-高级移动客户端开发工程师,1,技术类
25664-政务民生解决方案架构师(深圳）,4,技术类
PCG14-数据分析工程师（深圳）,1,技术类
GY0-【国际业务部】高级视觉设计师（深圳）,1,设计类
S2-Accounting Manager（US）,1,职能类
FC-流程经理,1,职能类
22989-腾讯云To B流程建设负责人/Leader,1,产品/项目类
25926-游戏安全运营开发工程师（深圳）,2,技术类
26699-智慧零售产品运营（深圳/成都）,2,产品/项目类
31504-腾讯云CDN专项高级技术支持工程师（深圳/北京）,1,技术类
ZSC-Senior Patent Counsel,1,职能类
25664-公有云解决方案售前架构师(深圳）,5,技术类
19838-影视艺人经纪,2,市场类
TME-腾讯音乐音乐曲库运营（深圳）,1,内容编辑类
S2-CDG财务管理（深圳）,3,职能类
22989-腾讯云高级NLP工程师,2,技术类
21882-高级产品策划经理（深圳）,1,产品/项目类
18427-理财通交互设计师,1,设计类
18435-风控数据应用工程师,1,技术类
18428-高级web前端开发工程师,1,技术类
27092-应用宝高级商业产品经理/商业产品经理（深圳）,1,产品/项目类
30622-腾讯社交广告排序算法研究员（QQ广告 深圳）,2,技术类
23675-UGC产品运营,1,产品/项目类
TME-全民K歌国际版Android开发工程师,1,技术类
TME-全民K歌国际版iOS开发工程师,3,技术类
TME-全民K歌Android开发工程师,2,技术类
TME-腾讯音乐视频理解算法工程师（深圳）,2,技术类
TME-全民K歌iOS开发工程师（深圳）,3,技术类
27553-腾讯音乐Web前端开发工程师（深圳）,3,技术类
18302-动作类手游资深3D角色设计师（深圳）,1,设计类
25927-WeTest高级后台开发工程师,1,技术类
27092-腾讯手游助手海外渠道运营（深圳）,1,产品/项目类
29315-HRBP（北京）,1,职能类
15687-高级游戏技术美术Senior Technical Artist(深圳),1,设计类
23516-资深手游渠道运营经理,1,产品/项目类
32269-企鹅影视电视剧文学策划,1,产品/项目类
PCG09-看点用户增长产品策划经理（深圳）,1,产品/项目类
TME-音兔Android开发工程师,1,技术类
7660-腾讯广告Java开发工程师（安全管理中心）,1,技术类
29925-腾讯视频电视剧整合营销项目经理,1,市场类
TME-全民K歌Android开发工程师（深圳）,2,技术类
CSIG16-车联网产品运营（出行服务）,1,产品/项目类
WXG03-211 公众平台数据运营（广州）,1,产品/项目类
TEG02-网络设计工程师（深圳）,2,技术类
25928-web前端开发工程师,1,技术类
TB-高级投资分析师,1, 
TME-音兔后台开发工程师,4,技术类
GY0-【国际业务部】JOOX海外音乐产品运营（深圳）,1,产品/项目类
31506-腾讯云安全后台开发工程师,1,技术类
21228- 游戏运营-版本数据岗,1,产品/项目类
23671-企鹅号数据挖掘工程师-图像识别（深圳）,2,技术类
21882-腾讯医典数据运营分析师（深圳）,1,产品/项目类
28481-医疗生态合作经理（深圳）,1,产品/项目类
22989-知识图谱后台开发工程师,1,技术类
ZL-商业分析分析师/经理(医疗方向),1,市场类
ZL-商业分析经理（PCG方向）,1,市场类
ZL-商业分析经理/总监（地图业务方向）,1,市场类
TB-投资经理,3, 
21309-在线教育部-数据推荐组组长,1,技术类
25924-运营开发工程师（上海）,2,技术类
TEG09-云数据库高级研发工程师,3,技术类
TEG09-云网络高级研发工程师,2,技术类
PCG10-浏览器增长策略算法工程师,1,技术类
30622-腾讯广告终端开发工程师（QQ广告 深圳）,2,技术类
22989-腾讯云高级产品经理-MBA,2,产品/项目类
23671-企鹅号海外内容产品/内容运营（短视频内容合作）（北京）,1,产品/项目类
23671-企鹅号海外内容产品/内容运营（短视频内容合作）（深圳总部）,1,产品/项目类
23671-企鹅号海外内容产品/内容运营leader（短视频内容合作）,1,产品/项目类
WXG08-212 微信小程序搜索产品运营（广州）,1,产品/项目类
22989-数据产品研发组长,1,技术类
15605-高级3D角色设计师(深圳),1,设计类
30628-腾讯广告自然语言处理研究员（研发中心-深圳）,1,技术类
TEG09-云存储研发工程师,2,技术类
25668-腾讯云AI与大数据产品推广经理（深圳）,1,市场类
18427-理财通后台开发工程师,1,技术类
18427-理财通后台开发工程师,1,技术类
PCG10-QQ浏览器图像搜索高级产品经理,2,产品/项目类
PCG04-短视频高级Android开发工程师（深圳）,1,技术类
PCG04-短视频高级iOS开发工程师（深圳）,1,技术类
27092-手游助手前端开发工程师（深圳）,1,技术类
29315-HRBP（深圳）,1,职能类
PCG19-腾讯视频移动端合作产品经理,1,产品/项目类
PCG10-PCG搜索算法工程师（排序层）,1,技术类
17759-腾讯视频安全业务策略分析师,1,市场类
23872-互娱资深战略发展经理,2,市场类
30628-腾讯广告自然语言处理研究员（研发中心-北京）,1,技术类
21529-合规法务,1,职能类
S2-大数据开发高级工程师（深圳）,1,技术类
28481-医疗大数据产品经理（深圳）,1,产品/项目类
PCG22-用户增长专家,1,市场类
22989-腾讯云区域高级项目经理（北京/上海/深圳/成都）（北京）,1,产品/项目类
25666-腾讯云西南区域销售（重庆）,1,市场类
TEG17-高级AI产品经理（深圳）,1,产品/项目类
TEG17-科研项目经理,1,产品/项目类
14914-营销研究经理（深圳）,1,市场类
29912-微视算法工程师（研发专场）,3,技术类
29912-微视后台开发工程师（研发专场）,11,技术类
29912-微视安卓开发工程师（研发专场）,9,技术类
29912-微视IOS开发岗（研发专场）,8,技术类
22989-专有云高级后台研发工程师（深圳）,5,技术类
22989-专有云交付平台高级后台研发工程师（深圳/北京）,6,技术类
22989-专有云交付平台高级运营开发工程师（深圳/北京）,4,技术类
21309-企鹅辅导高级教研经理（北京）,1,产品/项目类
ZL-商业分析师/经理（金融科技方向）,1,市场类
ZL-商业分析师/经理(游戏方向),1,市场类
29316-组织发展与绩效负责人,1,职能类
15569-横版射击手游版本运营（深圳）,1,产品/项目类
15569-魂斗罗手游关卡策划（深圳）,1,产品/项目类
30360-后台平台开发（深圳）,5,技术类
23671-企鹅号数据挖掘工程师（深圳）,1,技术类
28302-Start云游戏Android高级开发工程师 ,1,技术类
28297-（高级）战略分析经理,2,市场类
21309-腾讯课堂IT互联网类目经理（高校/企业渠道扩展方向）,1,产品/项目类
29777-腾讯云手机行业总监（深圳/北京）,1,技术类
22989-物联网终端Android高级开发工程师,1,技术类
21087-MMORPG官网运营（深圳）,1,产品/项目类
21309-企鹅辅导高级教研经理（深圳）,1,产品/项目类
TME-全民K歌Web前端工程师-商业FT,1,技术类
TEG17-高级AI项目经理（深圳）,1,产品/项目类
29912-微视前端开发工程师（研发专场）,1,技术类
29912-微视大数据开发工程师（研发专场）,4,技术类
29913-信息流优化师(深圳）,1,设计类
20503-公关与高校合作项目经理,1,产品/项目类
25664-政府行业技术生态平台架构师(深圳）,5,技术类
25664-腾讯云政务行业生态经理（深圳/北京）,2,产品/项目类
WXG10-117 企业微信Mac开发工程师 (广州/成都）,1,技术类
WXG10-113 企业邮箱后台开发工程师（广州）,1,技术类
29777-腾讯云高级行业运营经理,2,产品/项目类
31504-腾讯云服务产品高级运营开发工程师,1,技术类
23295-互娱游戏社区iOS开发工程师,1,技术类
15851-游戏GPU系统工程师(深圳),1,技术类
15851-游戏人工智能研究员（深圳）,1,技术类
15851-游戏AI开发工程师（深圳）,1,技术类
15851-游戏引擎开发工程师Senior Engine Programmer,2,技术类
CSIG07-游戏加速后台开发工程师（深圳）,1,技术类
23874-游戏引进评测分析师（深圳）,1,产品/项目类
22989-技术支持工程师（北京/上海/深圳/成都）（成都）,1,技术类
15851-游戏Android开发工程师（深圳）,1,技术类
15851-游戏iOS高级开发工程师（深圳）,1,技术类
22989-腾讯云区域高级项目经理（北京/上海/深圳/成都）（成都）,1,产品/项目类
14914-智库公关经理（北京）,1, 
22989-技术支持工程师（北京/上海/深圳/成都）（深圳总部）,1,技术类
22989-技术支持工程师（北京/上海/深圳/成都）（北京）,1,技术类
22989-技术支持工程师（北京/上海/深圳/成都）（上海）,1,技术类
21309-腾讯课堂设计培训类目经理（深圳）,1,产品/项目类
21309-腾讯课堂用户运营高级产品经理,1,产品/项目类
TME-中央曲库web前端开发工程师（深圳）,1,技术类
TEG13-语音合成算法工程师（北京）,1,技术类
18796-产品策略分析经理(深圳）,1,市场类
AQ-游戏业务安全经理（北京）,1,职能类
30624-腾讯广告消费品零售行业运营经理（上海）,1,产品/项目类
27193-互娱文学策划经理,1,市场类
25666-腾讯云智能终端行业商务拓展（深圳/北京）,2,市场类
CSIG02-腾讯智慧教育数据产品经理(北京),2,产品/项目类
23295-互娱流程管理经理,1,市场类
32032-执行制作人（上海）,2,产品/项目类
21090-内容运营,1,产品/项目类
TME-全民K歌社区产品策划,1,产品/项目类
26833-组织发展经理（深圳）,3,职能类
31504-腾讯云服务产品高级web前端开发工程师,1,技术类
S2-公司治理合规高级经理（深圳）,1,职能类
WXG07-154 广州研发部系统测试工程师（广州）,1,技术类
WXG10-119 企业微信PC端开发工程师（广州）,1,技术类
WXG10-113 企业微信后台开发工程师（广州）,1,技术类
WXG10-113 企业邮箱安全后台开发工程师(广州),1,技术类
WXG10-115 企业微信web前端开发工程师（广州）,1,技术类
15569-横版射击手游玩法策划（深圳）,1,产品/项目类
PCG09-资讯推荐算法高级工程师,1,技术类
21482-王者荣耀职业联赛高级赛事策划（深圳）,1,市场类
27092-应用宝换量新增经理（深圳）,1,市场类
15616-UE4手游客户端开发工程师（上海）,1,技术类
29309- 腾讯云战略生态合作经理（深圳） ,1,产品/项目类
15573-MMORPG手游2D场景原画设计师(上海),1,设计类
21226-海外产品发行制作人（深圳总部）,1,产品/项目类
21226-海外产品发行制作人（上海）,1,产品/项目类
21226-海外发行市场总监,2,产品/项目类
WXG10-113 企业微信技术合作中心后台开发工程师（广州）,1,技术类
PCG16-游戏类信息流内容运营,2,产品/项目类
CSIG16-车联网Android客户端平台研发高级工程师,1,技术类
CSIG16-腾讯地图产品运营―内容运营（北京）,1,产品/项目类
26563-WeGame平台运营（深圳）,1,产品/项目类
CSIG07-安全数据挖掘工程师（深圳）,1,技术类
15573-MMORPG手游引擎开发高级工程师（上海）,1,技术类
30628-腾讯广告营销洞察数据科学家（研发中心 深圳）,1,技术类
30628-腾讯广告算法工程师（研发中心-北京）,1,技术类
17229-刺激战场高级3D场景物件设计师（深圳）,3,设计类
24548-IP增值项目经理,1,产品/项目类
PCG10-Android客户端开发工程师（成都）,1,技术类
AQ-游戏业务安全经理（深圳）,1,职能类
17229-刺激战场高级2D角色原画师（深圳）,2,设计类
17229-刺激战场高级2D场景原画师（深圳）,1,设计类
30359-代码审计工程师,1,技术类
17229-刺激战场高级2D海宣设计师（深圳）,1,设计类
GY0-【国际业务部】后台开发工程师-数据开发方向（深圳）,1,技术类
28297-Roblox游戏开发工程师,1,技术类
15851-资深引擎测试开发工程师,2,技术类
CSIG16-手图驾车业务产品策划经理,1,产品/项目类
17229-刺激战场高级3D场景地形编辑（深圳）,2,设计类
S2-PCG风控经理(北京）,1,职能类
15575-《王者荣耀》资深技术美术（成都）,2,设计类
PCG09-信息流数据分析产品经理,1,产品/项目类
29777-腾讯云工业行业方案架构师（北京/上海/成都）,3,技术类
28605-微信跨境支付区域运营经理（深圳）,1,产品/项目类
18425-海外钱包商户行业运营经理,1,产品/项目类
27092-增长策略产品经理（深圳）,1,产品/项目类
22989-腾讯云Serverless产品架构师（深圳）,1,产品/项目类
30359-数据高级产品经理,1,产品/项目类
30628-腾讯广告系统后台开发高级工程师（研发中心-深圳）,1,技术类
30628-腾讯广告推荐算法与系统工程师（研发中心-北京）,1,技术类
CSIG07-高级售前工程师（北京）,3,技术类
25666-腾讯云互联网金融KA销售（北京/上海/深圳）,4,市场类
25666-腾讯云银行业KA销售（北京/上海/深圳）,5,市场类
25666-华南区域政府行业销售（长沙/厦门/深圳/广州/南昌/海南）,5,市场类
25666-华南区域传统行业销售（深圳）,4,市场类
TME-高级公关经理（深圳）,1,市场类
22989-腾讯云弹性计算高级工程师（深圳总部）,1,技术类
22989-腾讯云弹性计算高级工程师（北京）,1,技术类
25666-腾讯云华东区域销售（上海/河南/山东）,2,市场类
29309-腾讯云生态内容运营经理（深圳）,1,产品/项目类
17229-刺激战场资深3D角色设计师 （深圳）,4,设计类
31506-云安全解决方案架构师（北京）,1,产品/项目类
31506-云安全解决方案架构师（深圳总部）,1,产品/项目类
GY0-【国际业务部】腾讯云海外商务拓展（深圳）,1,市场类
TME-QQ音乐桌面端开发工程师（深圳）,1,技术类
S2-预算及管理分析（深圳）,1,职能类
17229-刺激战场-动画设计师（深圳）,3,设计类
15665-绝地求生：刺激战场-社区内容运营(深圳),1,产品/项目类
15665-绝地求生：刺激战场-移动平台合作运营(深圳),1,产品/项目类
15611-WarSong 3D角色美术设计（深圳）,1,设计类
29314-合资公司CFO（北京）,1,职能类
WXG08-511 微信事业群部门秘书（深圳）,1,职能类
25666-交通行业销售（北京/上海/深圳）,6,市场类
32032-游戏主美术设计师（上海）,1,设计类
15575-《圣斗士星矢》高级动画设计师（成都）,1,设计类
25666-华南区域泛互联网行业销售（深圳）,4,市场类
25666-腾讯云保险业KA销售（北京/上海/深圳） ,3,市场类
31677-用户研究员（深圳）,1,设计类
31677-用户研究员（北京）,1,设计类
CSIG17-腾讯地图高级算法评测工程师（北京）,1,技术类
29777-互联网金融行业产品经理,1,产品/项目类
29303-计算机视觉高级研究员（深圳）,1,技术类
24987-3D场景美术（上海）,2,设计类
20354-腾讯云安全产品Web前端开发,1,技术类
SD3-游戏研发3D特效（深圳）,2,设计类
TEG09-P2P后台开发工程师(深圳）,1,技术类
TEG09-高级系统测试工程师（深圳）,2,技术类
PCG15-语音直播商业化产品经理（深圳）,1,产品/项目类
PCG15-语音直播用户运营经理（深圳）,1,产品/项目类
PCG15-语音社区运营经理（深圳）,1,产品/项目类
SD3-PUBG MOBILE 高级3D次世代角色设计师（深圳）,2,设计类
28481-医疗健康UI开发工程师（深圳）,1,设计类
SD3-PUBG MOBILE 高级3D特效设计师（深圳）,2,设计类
SD3-手游后台开发工程师（深圳）,1,技术类
SD3-手游客户端开发工程师（深圳）,2,技术类
SD3-互娱高级游戏策划(深圳),1,产品/项目类
31871-物料质量管控工程师,3,技术类
23671-企鹅号策略产品经理（推荐方向）,1,产品/项目类
23671-企鹅号视频内容分析高级算法工程师（北京）,2,技术类
30631-腾讯广告项目交付管理经理（商业分析方向）,1,市场类
TME-QQ音乐活动运营（深圳）,1,产品/项目类
29912-内容策略产品,1,产品/项目类
PCG20-部门秘书（深圳）,1,职能类
22989-腾讯云serverless高级后台开发工程师（深圳）,2,技术类
22989-大数据产品经理（成都）,1,产品/项目类
22989-经营平台后台开发,3,技术类
SD3-PUBG MOBILE 高级服务器开发工程师(深圳),2,技术类
SD3-PUBG MOBILE 高级2D角色原画设计师（深圳）,2,设计类
SD3-PUBG MOBILE 高级3D动作设计师（深圳）,2,设计类
TB-文档管理员（深圳）,2, 
PCG14-商业数据产品经理（深圳）,2,产品/项目类
WXG09-332 微信支付内容营销经理（深圳）,1,市场类
25666-腾讯云广电运营商客户经理（北京/上海/深圳/成都）,1,市场类
TEG14-移动端C++开发工程师,1,技术类
TEG14-音视频后台研发工程师,1,技术类
18402-ACT/ARPG手游商业化/本地化策划（深圳）,1,产品/项目类
31458-信用卡高级产品运营经理,2,产品/项目类
26699-智慧零售生态运营经理（深圳）,1,产品/项目类
26699-智慧零售生态运营经理（深圳/上海）,1,产品/项目类
PCG10-浏览器搜索后台开发工程师,1,技术类
32270-企鹅影视经纪人,1,市场类
PCG04-高级前端工程师（深圳）,1,技术类
CSIG17-大数据及AI测试工程师,1,技术类
24012-新手游后台开发工程师（深圳）,1,技术类
24012-新手游3D特效设计师（深圳）,1,设计类
18796-腾讯云游戏Android高级开发工程师(深圳）,1,技术类
27092-商业化Android高级开发工程师（深圳）,1,技术类
22989-域名与DNS高级运维工程师,1,技术类
30625-腾讯广告KA汽车行业经理,1,产品/项目类
21309-人力行政专员,1,职能类
TB-数据分析员（深圳）,1, 
27092-腾讯手游助手平台运营,1,产品/项目类
27092-内容商业化运营经理/高级运营经理,1,产品/项目类
22989-高级业务运维工程师（深圳）,1,技术类
27092-后台研发工程师-短视频方向（深圳）,1,技术类
29300-影视渠道营销经理,1,市场类
22989-腾讯云网络产品数据分析师,2,产品/项目类
CSIG16-腾讯自动驾驶现场实施工程师,1,技术类
CSIG16-腾讯自动驾驶高级算法移植软件工程师,1,技术类
CSIG16-地图众包后台高级研发工程师,5,技术类
29912-微视移动端开发iOS,1,技术类
CSIG18-腾讯云安全攻防研究员,1,技术类
30630-腾讯广告商业分析（内容）（深圳/上海）,1,市场类
18796- 腾讯云游戏iOS高级开发工程师(深圳）,1,技术类
18796- 腾讯云游戏Windows高级开发工程师(深圳）,1,技术类
WXG10-321 企业微信商务推广经理（广州-教育行业）,1,市场类
PCG09-信息流生活垂类产品运营,1,产品/项目类
18796-腾讯云游戏后台高级开发工程师(深圳）,2,技术类
TB-投资流程管控经理（深圳）,1, 
PCG09-信息流生活垂类产品运营,1,产品/项目类
27647-剧本编审（北京）,2,产品/项目类
CSIG16-腾讯自动驾驶全栈开发工程师,1,技术类
32032-Q版原画主美（上海）,1,设计类
TEG-招聘经理（深圳）,1,职能类
PCG16-信息流推荐算法高级研究员,3,技术类
PCG16-信息流广告商业数据分析,1,产品/项目类
23671-短视频运营管理工具(CMS)产品经理（深圳）,1,产品/项目类
23671-短视频创作者工具产品经理（深圳）,1,产品/项目类
CSIG02-腾讯云运维leader（深圳）,1,技术类
15614-游戏项目经理,1,产品/项目类
18796-腾讯云游戏Web高级开发工程师(深圳）,2,技术类
23671-企鹅号政务拓展运营,1,内容编辑类
CSIG17-智慧零售测试工程师（深圳/成都）,1,技术类
32032-Q版原画设计（上海）,1,设计类
15573-全球化SLG社区运营（上海）,1,产品/项目类
15573-全球化SLG市场推广策划（上海）,1,产品/项目类
CSIG08-高级UI视觉设计师（广州）,1,设计类
CSIG08-用户增长产品经理（广州）,1,产品/项目类
15618-客户端开发工程师（上海）,1,技术类
15618-引擎图形渲染开发工程师（上海）,1,技术类
TEG11-自然语言处理研究员(北京),2,技术类
25664-腾讯云政务民生架构师（北上广成）,1,技术类
PCG17-QQ手游高级产品策划（平台）（深圳）,1,产品/项目类
CSIG17-车联网移动端测试开发工程师（深圳）,1,技术类
23671-企鹅号策略产品经理（相似度方向）-北京,1,产品/项目类
32271-腾讯视频VIP运营商渠道BD经理（北京）,1,市场类
31112-腾讯视频游戏中心后台开发,1,技术类
31112-腾讯视频web前端开发工程师,1,技术类
PCG14-用户增长-算法研发高级工程师（深圳）,2,技术类
21309-企鹅辅导高级产品策划经理（用户增长/付费转化方向）,1,产品/项目类
21309-腾讯课堂-类目经理BD（深圳）,1,产品/项目类
30630-腾讯广告商业分析（行业分析）（深圳/北京）,1,市场类
30630-腾讯广告商业分析（行业分析）（上海）,1,市场类
30630-腾讯广告商业分析（流量分析）（深圳/上海）,1,市场类
25664-腾讯政务云产品策划经理（广州）,1,产品/项目类
CSIG08-大数据产品经理,1,产品/项目类
PCG10-浏览平台后台开发工程师,1,技术类
CSIG16-路况产品服务高级产品经理,1,产品/项目类
23671-企鹅号策略产品经理（视频质量方向）-北京,1,产品/项目类
CSIG17-高级系统测试工程师（深圳）,1,技术类
TME-全民K歌图像开发工程师（Android/iOS）（深圳）,1,技术类
PCG17-QQ手游高级产品运营（平台）（深圳）,1,产品/项目类
TME-音频算法工程师（深圳）,1,技术类
CSIG18-腾讯云安全产品Web前端开发,1,技术类
PCG10-搜索C++后台开发工程师,1,技术类
PCG10-搜索C++后台开发高级工程师,1,技术类
22989-NPI工程师,1,技术类
22989-计划工程师,4,技术类
22989-BOM工程师,1,技术类
28600-微信支付物料平台产品运营经理（智能物料）（深圳）,1,产品/项目类
PCG04-WEB前端开发（深圳）,1,技术类
15665-欧美游戏IP经理(深圳),1,产品/项目类
15579-游戏后台开发工程师（深圳）,1,技术类
15579-移动游戏客户端开发工程师（深圳）,10,技术类
CSIG02-腾讯云交付技术leader（深圳）,1,技术类
PCG10-搜索直达策略产品经理,1,产品/项目类
PCG10-搜索直达数据产品经理,1,产品/项目类
TME-数据专家 - 定制化需求分析（深圳）,1,技术类
TME-高级数据科学家 - 数据驱动（深圳）,1,技术类
TME-QQ音乐数据产品经理,1,产品/项目类
22989-腾讯云平台高级产品经理（产品策划方向）（深圳）,1,产品/项目类
WXG08-122 微信推荐自然语言处理算法工程师（北京）,1,技术类
32271-腾讯视频商务合作经理,1,市场类
27556-开放世界RPG手游内容运营（深圳）,1,产品/项目类
27556-开放世界RPG手游高级数据分析师（深圳）,1,产品/项目类
ZSC-专利工程师,1,职能类
27259-高级研究员,1,职能类
24987-3D游戏角色,1,设计类
25667-渠道销售运营管理（深圳）,2,市场类
22989-视频云后台开发工程师,3,技术类
FWZ-诉讼律师（深圳）,1,职能类
S2-集团审计经理（深圳）,4,职能类
30359-后台开发工程师（深圳）,1,技术类
22989-腾讯云英文客服,1,技术类
"22989-Customer Service, Tencent Cloud",1,技术类
22989-腾讯云运营产品中心后台开发工程师,1,技术类
22989-腾讯云运营产品中心WEB前端开发工程师,1,技术类
PCG10-搜索Web开发高级工程师,1,技术类
CSIG16-地图众包Android客户端研发工程师,1,技术类
18425-金融AI高级产品经理,1,产品/项目类
29315-培训经理,1,职能类
25927-高级测试开发工程师（深圳）,1,技术类
S2-PCG税务管理经理(北京),1,职能类
30628-腾讯广告开放平台服务端PHP开发工程师（深圳）,1,技术类
20354-业务运维工程师 ,1,技术类
CSIG16-python高级研发工程师,1,技术类
15583-Unity游戏开发工程师(深圳),2,技术类
TEG16-高级秘书（深圳）,1,职能类
32032-高级游戏项目经理（上海）,1,产品/项目类
25927-高级移动客户端开发工程师,1,技术类
CSIG02-腾讯云教育AI产品经理(北京/深圳),2,产品/项目类
AQ-安全品牌经理（深圳）,2,市场类
PCG09-信息流iOS高级开发工程师,2,技术类
PCG09-信息流后台高级开发工程师,2,技术类
29923-UI开发工程师（深圳）,1,设计类
PCG15-数据产品专家,1,产品/项目类
22989-腾讯云容器高级产品运营（深圳）,1,产品/项目类
30360-内容运营产品经理,1,产品/项目类
PCG04-腾讯新闻高级Android开发工程师（北京）,1,技术类
CSIG07-云平台安全工程师（北京）,1,技术类
PCG09-信息流Android开发工程师,1,技术类
31112-腾讯视频游戏内容运营,1,内容编辑类
27020-量子实验室后台开发工程师（深圳）,1,技术类
30629-腾讯广告高级公关传播经理（KA业务传播）,1,市场类
25666-腾讯云能源行业大客户经理（北京/上海/广州/深圳）,3,市场类
28605-321 微信境外支付高级区域经理（香港）,1,市场类
30359-高级服务器开发工程师,1,技术类
PCG10-浏览器阅读产品运营-信息流方向,1,产品/项目类
PCG10-浏览器阅读产品运营-社区方向,1,产品/项目类
30633-腾讯广告合约广告前端UI工程师（上海）,1,设计类
30629-腾讯广告高级公关传播经理（产品传播方向）,1,市场类
28966-移动视觉设计师（深圳）,1,设计类
25927-CMatrix后台高级开发工程师  ,1,技术类
24548-电视剧商业制片人,1,产品/项目类
PCG04-测试开发工程师（北京）,1,技术类
PCG04-腾讯新闻高级后台开发工程师（北京）,1,技术类
32032-高级游戏玩法开发工程师（北京）,1,技术类
32032-高级引擎图形开发工程师（北京）,1,技术类
25927-游戏测试经理（深圳）,1,技术类
32032-资深场景关卡设计师（北京）,1,设计类
32032-资深3D角色设计师（北京）,1,设计类
30628-腾讯广告系统后台开发高级工程师（研发中心-北京）,1,技术类
TEG12-运营支撑系统高级产品经理（深圳）,1,产品/项目类
WXG09-高级市场营销经理（体育营销方向）,1,市场类
WXG08-122 图像视频算法研究员（北京）,1,技术类
15583-3D动画特效设计,1,设计类
CSIG02-腾讯云教育行业总监（北京/深圳）,1,产品/项目类
CSIG02-腾讯云高校产品经理（深圳）,1,产品/项目类
CDG-组织发展经理,1,职能类
31506-腾讯云运营开发工程师,1,技术类
18796-平台运营经理(深圳),3,产品/项目类
AQ-安全品牌经理（北京）,1,市场类
25667-区域渠道销售经理（深圳/北京/上海）,1,市场类
25663-泛互联网高级后台工程师(深圳),1,技术类
27441-投资公司管理经理（深圳）,1,职能类
PCG04-短视频高级测试开发工程师（深圳）,1,技术类
PCG04-测试开发高级工程师（深圳）,2,技术类
15614-客户端高级工程师（上海）,1,技术类
28481-医疗应用开发高级工程师（深圳）,1,技术类
25667-渠道培训运营经理（北京、上海）,2,市场类
24547-内容商业制片人,2,内容编辑类
21557- Sr/Principle researcher on video coding standard,1,技术类
30934-海外公共关系及推广经理/资深经理 Manager/Senior Manager of Public Relations and Promotion ,1, 
30934-海外社群内容策略关系管理经理 Community Strategy Manager（深圳总部）,1,市场类
30934-海外市场传讯资深经理 Senior Manager of Marketing Communication ,1,市场类
15569-魂斗罗高级美术项目管理（深圳）,1,产品/项目类
29912-产品运营,2,产品/项目类
23671-企鹅号产品经理-CP激励机制,1,产品/项目类
25925-数据挖掘工程师,2,技术类
22989-腾讯云容器高级产品经理（深圳）,1,产品/项目类
19157-车联物联安全―固件/硬件安全研究员（上海）,1,技术类
CSIG07-解决方案架构师（北京/深圳）（北京）,2,技术类
29912-微视产品策划,2,产品/项目类
22989-腾讯云Serverless产品经理（深圳）,1,产品/项目类
15605-动作RPG类手游商业化运营,1,产品/项目类
15605-动作RPG类游戏运营数据分析,1,产品/项目类
21527-腾讯音乐高级内部审计师（深圳）,3,职能类
25663-腾讯云泛互联网后台开发高级工程师（深圳）,2,技术类
23671-企鹅号产品经理-CP活跃&增长,1,产品/项目类
27553-多媒体机器学习算法研究员,1,技术类
18428-财付通平台组件测试工程师,3,技术类
HGJ-Legal Counsel (Technology Transactions),1,职能类
HGJ-Senior Legal Counsel (AML Advisory),1,职能类
28096-腾讯音乐商业化广告高级产品经理（深圳）,1,产品/项目类
23675-后台开发（北京）,1,技术类
TEG11-深度学习研究员（深圳）,2,技术类
TME-全民K歌音频算法工程师（北京）,1,技术类
27216-腾讯乘车码高级开发工程师,1,技术类
15612-版本运营策划（深圳）,1,产品/项目类
15612-手游后台高级工程师（深圳）,3,技术类
PCG19-腾讯视频TV产品经理（深圳）,1,产品/项目类
CSIG16-搜索引擎高级架构师,1,技术类
29912-短视频项目经理,1,产品/项目类
29923-社交产品交互设计师(深圳）,1,设计类
27192-互娱用户研究项目经理,1,产品/项目类
22090-推荐架构工程师（北京）,1,技术类
23671-企鹅号产品经理-洞察工具CRM,1,产品/项目类
23671-企鹅号产品经理-洞察工具CP管理,1,产品/项目类
15612-资深系统策划（深圳）,1,产品/项目类
28937-移动游戏测试工程师（北京）,1,技术类
18425-港澳及跨境金融事务高级经理,1,职能类
22989-腾讯云网络规划工程师（深圳）,1,技术类
15612-手游客户端开发工程师（深圳）,3,技术类
15774-游戏产品市场分析经理（深圳）,1,市场类
15612-手游高级UI设计师（深圳）,1,设计类
22989-腾讯云设计中心-高级交互设计师（成都）,1,设计类
22989-AI高级产品运营经理（AI服务平台产品）,1,产品/项目类
27556-开放世界RPG手游平台合作,1,产品/项目类
27216-腾讯乘车码-客户端资深开发工程师,2,技术类
27192-互娱用户研究产品经理,1,产品/项目类
TEG14-社交业务后台开发工程师,3,技术类
TEG14-Elasticsearch研发工程师,2,技术类
CSIG07-基础安全威胁情报分析师,2,技术类
PCG04-测试leader（深圳）,1,技术类
22989-腾讯云直播生态经理,2,产品/项目类
25664-商务运营高级经理（北京、上海、成都）,3,市场类
22989-基础产品运营经理,2,产品/项目类
TEG06-企业内网安全产品经理（深圳）,1,产品/项目类
23295-互娱游戏数据营销经理（深圳）,1,市场类
30359-后台开发高级工程师（北京）,1,技术类
30934-资深日本社区运营,1,产品/项目类
25663-泛互联网行业产品副组长（电商、生活互联方向）,1,产品/项目类
25663-泛互联网行业产品副组长（游戏、文创方向）,1,产品/项目类
29777-金融云资管行业售前架构师（北上深）（深圳总部）,1,技术类
29777-金融云资管行业售前架构师（北上深）（北京）,1,技术类
29777-金融云资管行业售前架构师（北上深）（上海）,1,技术类
15612-游戏制作人/主策划（深圳）,1,产品/项目类
23671-短视频制片人,1,内容编辑类
21882-医疗资讯产品中心―高级交互设计师（深圳）,1,设计类
23486-证券社区运营经理（北京）,1,产品/项目类
22090-信息流推荐算法工程师（北京）,1,技术类
TEG06-高级运维工程师（深圳）,1,技术类
23872-CRM组成员,1,市场类
22989-数据产品专家/高级数据产品经理,1,产品/项目类
PCG11-后台开发工程师（北京）,1,技术类
30934-海外游戏高级业务规划经理,1,产品/项目类
22989-服务器技术工程师,2,技术类
30934-日本市场游戏策划高级经理 ,1,产品/项目类
30934-商业化策划,1,产品/项目类
30622-腾讯广告QQ系流量效果类广告运营经理（深圳）,1,产品/项目类
23671-短视频大数据分析开发（深圳）,3,技术类
S2-账务中心高级会计（深圳）,2,职能类
26564-游戏社区APP产品策划（深圳）,1,产品/项目类
20016-天美手游高级测试工程师,1,技术类
PCG17-QQ钱包支付后台开发工程师（深圳）,1,技术类
16810-动漫平台iOS开发工程师（深圳）,1,技术类
TZ-IR Officer,1,职能类
15602-回合策略游戏系统策划（深圳）,1,产品/项目类
28937-移动游戏测试工程师（北京）,1,技术类
29777-金融科技产品经理,1,产品/项目类
18402-移动游戏本地化,1,产品/项目类
15712-游戏高级交互设计师（深圳）,1,设计类
16810-腾讯动漫原创编辑,1,内容编辑类
18402-MMO手游-平台渠道运营,1,产品/项目类
25668-腾讯云金融行业高级市场经理（深圳）,1,市场类
29311-腾讯安全品牌经理（深圳）,1,市场类
31504-服务产品中心高级项目经理,1,产品/项目类
30624-腾讯广告白酒行业广告销售经理（深圳）,1,市场类
TEG05-应用运维安全开发工程师（深圳）,2,技术类
31458-通讯业务研发工程师,1,技术类
18302-手游制作人,1,产品/项目类
TEG05-高级安全策略工程师（深圳）,2,技术类
PCG09-创新产品运营经理（内容/用户运营方向）,1,产品/项目类
29777-腾讯云高级运营经理（深圳）,1,产品/项目类
19837-电影区域发行经理（北京）,2,市场类
22989-大数据和人工智能交付架构师（北京/深圳/上海）,1,技术类
22989-专有云产品策划经理,3,产品/项目类
CSIG02-智慧教育售前工程师(北京),1,产品/项目类
19332-企点大数据开发工程师（上海）,2,技术类
21309-腾讯教育科技有限公司销售总监（武汉）,1,市场类
TEG02-网络运维工程师,1,技术类
21530-腾讯音乐高级招聘经理(深圳),1,职能类
30934-资深手游数据挖掘分析师,1,产品/项目类
22989-腾讯云serverless运营开发工程师（深圳总部）,2,技术类
22989-腾讯云serverless运营开发工程师（成都）,2,技术类
22989-云计算规划架构师,1,技术类
22989-云技术架构师,2,技术类
29777-金融资管行业产品经理（北上深）（深圳总部）,1,产品/项目类
29777-金融资管行业产品经理（北上深）（北京）,1,产品/项目类
29777-金融资管行业产品经理（北上深）（上海）,1,产品/项目类
26699-智慧零售高级产品策划经理（深圳）,1,产品/项目类
22989-腾讯云资深运营开发工程师（深圳）,2,技术类
15774-业务流程管理经理（深圳）,1,职能类
15612-MMORPG剧情策划师（北京）,1,产品/项目类
15612-资深数值策划（北京）,1,产品/项目类
15612-资深系统策划（北京）,1,产品/项目类
30934-海外游戏数据运营资深经理,1,产品/项目类
18436-NLP算法研究员（深圳）,1,技术类
28481-高级前端开发工程师,2,技术类
30622-腾讯广告QQ系流量品牌类广告运营经理（深圳/上海）（深圳总部）,1,产品/项目类
TME-全民K歌数据分析产品经理,1,产品/项目类
30622-腾讯广告Q系流量商业化产品经理（深圳）,1,产品/项目类
21527-腾讯音乐PHP应用开发工程师（深圳）,6,技术类
21089-高级运营经理,2,产品/项目类
21090-高级游戏策划（深圳）,2,产品/项目类
29912-微视音乐内容运营,2,内容编辑类
26563-数据分析（深圳）,1,产品/项目类
26563-平台内容运营,1,产品/项目类
27092-用户增长后台开发工程师（深圳）,1,技术类
23671-企鹅号Howto品类产品运营（深圳）,1,产品/项目类
WXG02-113 微信数据平台开发工程师（深圳）,1,技术类
TME-全民K歌高级数据分析产品经理,1,产品/项目类
28601-微信支付智能硬件专家,1,技术类
22989-腾讯云网络高级后台开发工程师（上海/北京）,1,技术类
WXG03-212 小程序产品策划（广州）,1,产品/项目类
WXG01-212 微信高级产品策划经理（广州）,1,产品/项目类
29912-微视音乐编辑,1,内容编辑类
15611-资深2D角色设计师（深圳）,1,设计类
15611-高级UnrealEngine技术美术（深圳）,1,设计类
15611-资深3D动画设计师（深圳）,1,设计类
PCG10-浏览器阅读中心后台开发工程师（深圳）,1,技术类
PCG10-浏览器阅读中心前端开发工程师（深圳）,2,技术类
29311-智慧出行产业品牌经理（北京）,1,市场类
S2-区块链应用开发工程师（深圳）,2,技术类
31458-信用卡业务后台开发工程师,1,技术类
18432-浮动收益产品运营经理,1,产品/项目类
23673-短视频热点运营（北京）,1,内容编辑类
15851-游戏测试工程师（深圳）,3,技术类
15851-游戏专项测试开发工程师(深圳),2,技术类
30359-视频业务运维工程师,1,技术类
PCG10-浏览器搜索广告算法（高级）研究员 ,1,技术类
14914-品牌营销经理（深圳）,1,市场类
HY3-虚拟偶像策划运营,2,产品/项目类
23294-互娱手游电竞运营开发工程师(深圳),2,技术类
29912-增长算法岗,1,技术类
CSIG16-腾讯地图高级研发工程师,1,技术类
15665-公共协调项目管理经理(深圳),1,产品/项目类
29777-金融云互联网金融售前架构师（深圳/北京/上海）（深圳）,1,技术类
30628-腾讯广告Java开发工程师（深圳）,1,技术类
25663-泛互联网解决方案架构师（北京）,2,技术类
19511-游戏学院内部培训经理（深圳）,2,产品/项目类
25664-政府行业产品经理,1,产品/项目类
22989-大数据AI综合应用资深后台开发工程师,1,技术类
TME-腾讯音乐多媒体AI研究员（深圳）,2,技术类
25927-WeTest云平台资深架构师（上海）,1,技术类
30628-腾讯广告数据管理Java应用研发工程师（北京）,1,技术类
CSIG16-腾讯地图渠道运营,1,产品/项目类
30361-WEB前端工程师(深圳),1,技术类
22989-AI产品高级后台软件开发工程师,1,技术类
22989-腾讯云中间件Devops平台后台开发组长 （深圳),1,技术类
19407-移动游戏数据分析,1,产品/项目类
19407-移动游戏平台合作,1,产品/项目类
TME-全民K歌平台产品运营（深圳）,1,产品/项目类
CSIG16-地图搜索产品经理,1,产品/项目类
31506-云安全项目经理（深圳/北京）（深圳总部）,1,产品/项目类
CSIG16-腾讯地图生活服务产品经理,1,产品/项目类
CSIG16-腾讯地图合作产品策划,1,产品/项目类
23671-企鹅号内容货架产品经理（深圳）,1,产品/项目类
29316-沟通传播文化专家（深圳）,1,职能类
31506-云安全项目经理（深圳/北京）（北京）,1,产品/项目类
22086-体育号CP管理产品经理 ,1,产品/项目类
22086-体育号高级产品经理,1,产品/项目类
PCG10-高级产品经理（工具产品方向）,1,产品/项目类
18432-策略分析师,1,产品/项目类
29316-HRBP（深圳）,1,职能类
18432-基金高级分析师,1,产品/项目类
21309-在线教育流量运营及销转专家（运营/增长黑客）,1,产品/项目类
22088-体育电商产品经理,1,产品/项目类
26787-海外业务产品运营经理,1,产品/项目类
18402-MMO手游-平台渠道运营,1,产品/项目类
15573-MMORPG UE4手游3D特效美术师（上海）,1,设计类
AQ-产品安全经理（深圳）,1,职能类
AQ-产品安全经理（广州）,1,职能类
29050-数据安全经理/专家（深圳）,1,职能类
29050-数据安全经理/专家（北京）,2,职能类
AQ-行业合作经理（北京）,1,职能类
AQ-行业合作经理（深圳）,1,职能类
28481-高级医疗商务拓展经理（北京）,1,市场类
21882-高级医学编辑（深圳/北京）,1,内容编辑类
22086-腾讯体育-内容消费高级产品经理,1,产品/项目类
30626-腾讯广告OTT智能电视广告销售经理（南区）,1,市场类
15573-MMORPG UE4手游交互设计师(上海),1,设计类
21645-高级法律顾问,1,职能类
HGJ-senior legal counsel(MA),1,职能类
HGJ-Legal Counsel (Technology Transactions),1,职能类
31504-云服务平台部--服务运营中心总监,1,技术类
27554-腾讯音乐商业制片人（上海）,1,市场类
30361-天天P图图像处理后台开发（上海）,1,技术类
15573-MMORPG UE4手游资深美术3D设计（上海）,1,设计类
15573-MMORPG UE4手游3D动画设计师（上海）,1,设计类
PCG09-信息流产品高级数据分析师,1,产品/项目类
PCG09-信息流产品垂类高级产品经理（搞笑品类）,1,产品/项目类
PCG09-短视频高级产品运营经理,2,产品/项目类
22088-体育电商运营,1,产品/项目类
22088-体育潮流垂直内容运营,2,内容编辑类
23671-企鹅号前端开发（北京）,2,技术类
22989-经营平台产品中心web前端开发,1,技术类
22989-视频云高级Web前端开发,2,技术类
15605-动作RPG手游游戏活动策划,1,产品/项目类
19511-内容运营经理（深圳）,1,产品/项目类
21557-音视频网络技术高级开发工程师（深圳）,1,技术类
29316-CSIG-培训经理（深圳）,1,职能类
RP-共享服务运营高级经理（深圳）,1,职能类
CDG-员工关系经理（深圳）,1,职能类
30933-主数值策划,1,产品/项目类
30933-主系统策划（社交方向）,1,产品/项目类
29316-HRBP（深圳）,1,职能类
CB-高级薪酬经理[长期激励方向]（深圳）,1,职能类
25663-泛互联网解决方案架构师（北京/上海/深圳）（深圳总部）,1,技术类
26832-海外招聘经理（深圳）,2,职能类
26832-海外校园招聘经理（深圳）,1,职能类
29316-HRBP（深圳）,1,职能类
IEG-组织发展经理,1,职能类
IEG-领导力培训经理（深圳）,1,职能类
27553-音乐榜单产品策划,1,产品/项目类
18302-新动作手游数值策划（深圳）,1,产品/项目类
18302-新动作手游系统策划（深圳）,1,产品/项目类
18302-新动作手游角色战斗策划（深圳）,1,产品/项目类
30933-高级引擎图形开发工程师/Senior Graphics Engineer,1,技术类
25927-高级测试开发工程师（深圳）,1,技术类
25927-游戏测试经理（深圳）,1,技术类
22989-腾讯云解决方案架构师-容器服务（上海/北京/深圳/成都）,1,技术类
15569-横版射击手游主美术（深圳）,1,设计类
22086-腾讯体育Android开发工程师（北京）,1,技术类
30633-腾讯社交广告视觉设计师（设计中心  深圳）,2,设计类
CSIG17-企点系统测试工程师（上海）,1,技术类
PCG09-信息流策略推荐高级产品经理,1,产品/项目类
PCG09-QQ看点数据分析工程师（深圳）,1,技术类
PCG09-QQ看点后台开发（深圳）,1,技术类
18302-手游制作人,1,产品/项目类
30360-QQ会员-Android开发工程师（深圳）,1,技术类
25927-应用开发高级工程师（上海）,1,技术类
15618-手游关卡策划（上海）,1,产品/项目类
15618-2D场景设计师（上海）,1,设计类
15618-3D特效设计师（上海）,1,设计类
15618-游戏UI设计师（上海）,1,设计类
25663-腾讯云海外行业专家(北京/上海/深圳)（深圳总部）,1,技术类
23671-企鹅号数据开发工程师（北京）,1,技术类
PCG09-信息流后台开发工程师,2,技术类
15570-高级关卡策划（FPS/TPS射击类）,1,产品/项目类
15570-FPS系统策划,1,产品/项目类
18402-RPG手游市场运营,1,产品/项目类
15575-《QQ三国》商业化活动运营（成都）,1,产品/项目类
21309-企鹅辅导产品运营经理,1,产品/项目类
31504-高级运营开发工程师,1,技术类
15618-MMORPG策划（上海）,1,产品/项目类
15618-手游系统策划（上海）,1,产品/项目类
15618-手游文案策划（上海）,1,产品/项目类
CSIG17-云高级测试开发工程师,3,技术类
17757-内容运营分析,1,内容编辑类
25927-游戏高级测试工程师（成都）,1,技术类
29911-用户研究员,1,设计类
25663-腾讯云海外行业专家(北京/上海/深圳)（北京）,1,技术类
25663-腾讯云海外行业专家(北京/上海/深圳)（上海）,1,技术类
15616-高级动画师,1,设计类
31677-用户研究组长（深圳）,1,设计类
31504-Web前端开发工程师,1,技术类
22989-腾讯云CVM产品前端开发工程师（深圳）,1,技术类
31329-计算机视觉专家研究员,1,技术类
CSIG02-腾讯云泛政府行业产品运营组组长（深圳）,1,产品/项目类
29912-增长移动端开发iOS,1,技术类
29912-数据产品经理,1,产品/项目类
6486-秘书（深圳）,1,职能类
6486-秘书（深圳）,1,职能类
30623-腾讯广告联盟广告品牌运营经理（北京）,1,产品/项目类
28966-游戏平台C4D品牌设计师（深圳）,1,设计类
23674-腾讯新闻客户端产品策划,1,产品/项目类
20503-深度学习智慧零售应用研发工程师（上海）,1,技术类
CSIG17-云测试高级工程师,3,技术类
CSIG17-云测试高级工程师（AI和智能硬件相关）,2,技术类
18302-高级UI动效设计师（深圳）,1,设计类
PCG04-腾讯PCG研发部架构师（深圳）,1,技术类
25927-平台高级产品经理（上海）,1,产品/项目类
31504-运营服务管理,1,技术类
GY0-【国际业务部】海外广告高级销售经理（深圳）,1,市场类
31504-后台开发工程师,1,技术类
31504-运营开发工程师,1,技术类
22989-数据分析师,1,技术类
22989-专有云售前架构师,1,技术类
15605-高级3D场景设计师(深圳),3,设计类
18924-行政秘书（北京）,1,职能类
21532-腾讯音乐基建技术专员（深圳）,1,职能类
21532-腾讯音乐福利文化专员（深圳）,1,职能类
22989-腾讯云高级流量运营经理,1,产品/项目类
20354-虚拟化安全工程师,1,技术类
GY0-【国际业务部】JOOX策划产品经理-机器学习方向（深圳）,1,产品/项目类
30625-腾讯广告KA旅游行业运营经理,1,产品/项目类
30629-腾讯广告品牌公关经理,1,市场类
15583-互娱游戏策划(深圳),1,产品/项目类
25923-腾讯游戏Redis开发高级工程师,1,技术类
25923-PC客户端开发工程师,1,技术类
FWZ-游戏维权法务（深圳）,1,职能类
WXG03-微信开放平台后台策略安全工程师,1,技术类
16810-腾讯动漫高级运营开发工程师 ,1,技术类
22989-腾讯云平台产品中心高级WEB前端开发（深圳）,1,技术类
21527-腾讯音乐投资公司管理高级经理（深圳）,1,职能类
"GY0-【国际业务部】Associate Director / Senior Manager, Business Strategy(Hong Kong)",1,市场类
15571-CF手游后台开发工程师,1,技术类
TEG09-云架构平台运营开发工程师（深圳）,1,技术类
21527-腾讯音乐投资公司管理高级经理（北京）,1,职能类
TME-腾讯音乐业务运维工程师（深圳）,2,技术类
31504-运营开发工程师,1,技术类
31504-高级数据运维工程师（DBA）,1,技术类
TME-腾讯音乐全民K歌音频算法工程师（深圳）,2,技术类
PCG04-测试开发工程师（深圳）,1,技术类
27553-数据抓取工程师,1,技术类
25928-视觉设计师（深圳）,1,设计类
18924-行政秘书（广州）,1,职能类
18924-部门秘书（深圳）,1,职能类
18924-行政秘书（北京）,1,职能类
WXG08-212 微信看一看产品策划经理（广州）,1,产品/项目类
TME-QQ音乐后台开发工程师（深圳）,3,技术类
TME-QQ音乐商业化Web前端工程师（深圳）,1,技术类
TME-QQ音乐商业化Web前端工程师（深圳）,2,技术类
21530-腾讯音乐企业文化经理（深圳）,1,职能类
CSIG16-车联网项目经理（北京）,1,产品/项目类
23292-互娱游戏品牌经理,1,市场类
CSIG14-市场监管产品经理,1,产品/项目类
CSIG14-URL安全组后台开发工程师（深圳）,1,技术类
29912-后台架构工程师,1,技术类
31329-计算机视觉资深研究员,3,技术类
31498-技术美术,2,技术类
FWZ-微信维权法务（广州）,1,职能类
31677-智能翻译设计组长（北京）,1,设计类
18434-web前端工程师,1,技术类
TME-腾讯音乐存储运维工程师（深圳）,1,技术类
TME-腾讯音乐运营开发工程师（深圳）,2,技术类
PCG19-腾讯视频TV端视觉设计师（深圳）,1,设计类
TEG05-Linux后台开发工程师（深圳）,1,技术类
31498-高级项目经理,2,产品/项目类
23292-互娱视觉设计师（深圳）,1,设计类
HY6-互娱平台赛事产品运营经理,1,产品/项目类
31498-游戏客户端研发工程师,5,技术类
31498-游戏服务器研发工程师,2,技术类
31498-游戏引擎研发工程师,5,技术类
TME-QQ音乐Web前端工程师（深圳）,3,技术类
22989-云售后运维工程师(北京/上海/深圳)（深圳总部）,1,技术类
21228- 游戏运营-版本数据岗,1,产品/项目类
25927-游戏测试经理（上海）,1,技术类
14914-安全产品公关经理（深圳）,1, 
30627-腾讯广告SMB区域业务拓展经理 （RGM)--南区,1,市场类
22989-云售后运维工程师(北京/上海/深圳)（北京）,1,技术类
22989-云售后运维工程师(北京/上海/深圳)（上海）,1,技术类
26699-智慧零售业务中心项目经理（深圳）,1,产品/项目类
29910-设计项目管理,1,产品/项目类
21527-腾讯音乐财务管理（深圳）,1,职能类
31112-腾讯视频游戏中心后台开发,1,技术类
25668-腾讯云市场部-高级市场经理（深圳）,1,市场类
28096-商务拓展经理,1,市场类
TME-市场策划经理/主管（深圳）,1,市场类
PCG15-渠道策略负责人（用户增长）,1,产品/项目类
24987-战术竞技类游戏关卡策划,1,产品/项目类
TEG06-C/C++高级后台开发工程师（深圳）,1,技术类
25664-JAVA/Golang后台开发工程师,1,技术类
18302-LBS手游资深GUI设计组长（深圳）,1,设计类
18302-新动作手游资深GUI设计师（深圳）,1,设计类
18302-剑灵手游资深3D特效设计师/专家（深圳）,1,设计类
22086-机器学习高级工程师,1,技术类
27092-腾讯手游助手引擎开发（深圳）,1,技术类
24987-运营经理,1,产品/项目类
25924-移动客户端架构师 （深圳）,1,技术类
CSIG15-项目经理,1,产品/项目类
23486-证券数据分析工程师（深圳）,1,技术类
25924-移动客户端架构师,1,技术类
15665-日本游戏IP经理(深圳),2,产品/项目类
15665-IP文学策划（深圳）,1,产品/项目类
21557-音视频实验室音频算法专家（深圳/北京/美国）（北京）,2,技术类
21557-音视频实验室音频工程专家（深圳/北京）,1,技术类
27553-腾讯音乐数据分析与开发工程师（深圳）,2,技术类
19407-移动游戏运营经理,1,产品/项目类
TEG15-计费系统后台测试高级工程师（深圳）,2,技术类
21482-赛事/渠道运营经理（深圳）,1,产品/项目类
TEG11-高级业务运维工程师（北京）,1,技术类
TEG05-Linux后台开发工程师（深圳）,1,技术类
CS-腾讯公益产品经理,1,产品/项目类
TME-腾讯音乐python开发工程师,2,技术类
PCG11-智慧项目后台工程师,1,技术类
15573-手游客户端开发高级工程师（上海）,1,技术类
PCG15-网红经纪与运营,1,内容编辑类
PCG11-后台开发工程师,1,技术类
IEG-招聘经理（深圳）,1,职能类
23671-短视频后台开发工程师（深圳）,10,技术类
29777-金融云交付项目经理（北京）,1,产品/项目类
18402-RPG手游数据分析（深圳）,1,产品/项目类
21227-游戏市场与社区运营管理,1,产品/项目类
S2-WXG风控经理(广州）,1,职能类
GY0-【国际业务部】后台测试开发工程师（深圳）,1,技术类
24012-资深游戏社交产品经理（深圳）,1,产品/项目类
24012-场景概念原画设计师（深圳）,1,设计类
23671-短视频前端开发工程师（深圳）,4,技术类
27020-云计算开发工程师（深圳）,2,技术类
27192-互娱市场与用户研究经理,1,市场类
18924-行政秘书（北京）,1,职能类
15569-Unity3D高级游戏引擎工程师（深圳）,1,技术类
CSIG17-AI开放平台高级测试工程师,1,技术类
31498-游戏AI研发工程师,2,技术类
18302-动作手游概念分镜导演,1,设计类
18302-LBS手游主美术（深圳）,1,设计类
18302-LBS手游3D动画组长（深圳）,1,设计类
18302-世界观概念设计师,1,设计类
30934-游戏海外市场推广高级经理（日韩/欧美）,1,市场类
30934-资深大数据分析师 senior big data analyst（深圳总部）,2,产品/项目类
S2-海外金融审计经理（深圳）,1,职能类
15611-WarSong3D动作设计（深圳）,1,设计类
31504-高级开发工程师-视频方向,2,技术类
31504-高级开发工程-web方向,1,技术类
14914-综合内容平台公关经理（深圳）,1, 
CDG-企业文化经理（深圳）,1,职能类
24012-H5游戏开发工程师（深圳）,1,技术类
PCG14-AI声学高级产品策划（深圳）,1,产品/项目类
30634-腾讯广告商业内容项目开发工程师（上海）,1,技术类
15569-QQ飞车手游高级UI交互设计师（深圳）,1,设计类
15569-写实竞速3D场景美术设计师（深圳）,1,设计类
TEG09-高级业务运维工程师（深圳）,2,技术类
S2-采购风控经理,1,职能类
S2-TEG风控经理,1,职能类
TEG-培训经理（深圳）,2,职能类
22989-腾讯云Devops平台后台开发组长,1,技术类
21087-游戏版本管理（深圳）,1,产品/项目类
21087-DNF安全运营（深圳）,1,产品/项目类
15575-《王者荣耀》后台开发高级工程师（成都）,1,技术类
PCG11-智慧项目前端工程师,2,技术类
PCG14-流量生态后台开发工程师（深圳）,1,技术类
25928-应用开发工程师,1,技术类
TME-QQ音乐推荐算法工程师（深圳）,3,技术类
TME-全民K歌音频推荐算法工程师（深圳）,5,技术类
TME-全民K歌用户推荐算法工程师（深圳）,5,技术类
TME-腾讯音乐标签库管理（深圳）,1,内容编辑类
31504-CallCenter主管,2,技术类
31504-网站备案运营经理,2,技术类
31504-高级服务运营经理,2,技术类
15614-天刀手游商业化运营（上海）,1,产品/项目类
18435-合规反洗钱岗,1,技术类
15569-魂斗罗3D特效设计师（深圳）,1,设计类
PCG09-QQ看点用户画像系统开发工程师（深圳）,1,技术类
15605-《一人之下》手游客户端开发高级工程师（深圳）,1,技术类
TME-中央曲库数据挖掘/分析工程师,1,技术类
TME-中央曲库后台开发工程师,1,技术类
25666-西南区域川藏拓展组泛企业线组长,1,市场类
15611-WarSong 3D特效设计（深圳）,1,设计类
25667-行业渠道烟草行业大客户经理（北京、上海、深圳）,1,市场类
29777-金融云交付项目经理（上海）,1,产品/项目类
25667-行业渠道经理（投后）（深圳总部）,1,市场类
25667-行业渠道经理（投后）（北京）,1,市场类
25667-政府行业渠道销售,1,市场类
28994-区块链应用（高级）开发工程师（深圳）,1,技术类
15614-次世代手游2D人物原画设计（上海）,1,设计类
15614-SLG资深系统策划（上海）,1,产品/项目类
25667-高级商务拓展经理（深圳）,1,市场类
25667-高级商务拓展经理（上海）,1,市场类
28096-腾讯音乐测试开发工程师,1,技术类
28096-腾讯音乐后台开发工程师（深圳）,1,技术类
CSIG07-WEB前端开发（企业安全方向）,1,技术类
22989-物联网基础产品高级后台研发工程师,1,技术类
22989- 物联网行业产品高级后台研发工程师,1,技术类
25667-传统企业/工业渠道销售（深圳总部）,1,市场类
25667-传统企业/工业渠道销售（北京）,1,市场类
TEG02-交换机系统研发工程师（深圳）（深圳总部）,2,技术类
TEG02-交换机系统研发工程师（深圳）（北京）,2,技术类
CSIG07-企业安全项目经理（深圳）,1,产品/项目类
20503-AI应用后台研发工程师,1,技术类
PCG19-腾讯视频机器学习算法工程师（北京）,2,技术类
TEG02-自研交换机测试高级工程师（深圳）（深圳总部）,2,技术类
TEG02-自研交换机测试高级工程师（深圳）（北京）,2,技术类
31504-高级服务改进经理,2,技术类
PCG19-腾讯视频WEB前端开发工程师（北京）,1,技术类
25927-WeTest 高级后台开发工程师（上海）,1,技术类
PCG04-移动安全/移动渗透安全工程师（深圳）,1,技术类
TME-全民K歌 海外产品经理,1,产品/项目类
28096-QQ音乐高级UI设计（深圳）,1,设计类
CSIG07-运营开发工程师（深圳）,1,技术类
22989-腾讯云存储产品高级产品运营经理,1,产品/项目类
31504-Linux后台开发工程师,1,技术类
31504-社交业务运维工程师,1,技术类
22989-腾讯云中间件高级web前端开发工程师（深圳）,3,技术类
22989-网络项目管理高级经理,1,产品/项目类
PCG19-腾讯视频后台开发工程师（深圳）,2,技术类
18302-大IP新动作手游市场运营,1,产品/项目类
18302-新动作手游后台开发工程师（深圳）,1,技术类
30629-腾讯广告产品高级市场经理（微信广告）,1,市场类
